DATA,CODICE_REGIONE,RICOVERATI_CON_SINTOMI,TERAPIA_INTENSIVA,TOTALE_OSPEDALIZZATI,ISOLAMENTO_DOMICILIARE,DIMESSI_GUARITI,DECEDUTI,TAMPONI,LUOGHI_LAVORO,LUOGHI_RESIDENZIALI,TRASPORTO_PUBBLICO,ALIMENTARI_FARMACIE,VENDITA_E_ATTIVITA_RICREATIVE
2020-04-21 00:00:00,16,569,65,634,2178,459,351,45984,-60,26,-78,-44,-76
2020-04-22 00:00:00,16,564,60,624,2250,494,362,48342,-60,27,-81,-49,-79
2020-04-23 00:00:00,16,536,55,591,2345,531,372,50410,-60,27,-79,-40,-76
2020-04-24 00:00:00,16,496,51,547,2386,565,383,52472,-57,25,-76,-20,-70
2020-04-25 00:00:00,16,469,48,517,2402,602,391,54628,-75,30,-89,-93,-94
2020-04-26 00:00:00,16,464,48,512,2425,612,399,55992,-56,23,-85,-87,-92
2020-04-27 00:00:00,16,449,51,500,2412,641,405,56976,-55,23,-76,-32,-69
2020-04-28 00:00:00,16,448,51,499,2420,654,407,58496,-56,22,-75,-36,-72
2020-04-29 00:00:00,16,449,47,496,2431,692,410,60334,-55,23,-75,-34,-71
2020-04-30 00:00:00,16,439,42,481,2468,708,415,62460,-54,22,-72,-21,-66
2020-05-01 00:00:00,16,428,39,467,2480,731,421,64292,-82,34,-89,-92,-91
2020-05-02 00:00:00,16,416,39,455,2499,757,422,65370,-51,22,-75,-33,-74
2020-05-03 00:00:00,16,410,40,450,2505,765,424,66443,-47,21,-80,-72,-87
2020-02-25 00:00:00,17,0,0,0,0,0,0,0,-19,4,-7,0,-1
2020-02-26 00:00:00,17,0,0,0,0,0,0,0,-3,2,-10,-2,-9
2020-02-27 00:00:00,17,0,0,0,0,0,0,0,-2,3,-10,2,-6
2020-02-28 00:00:00,17,0,0,0,0,0,0,0,-2,3,-10,-2,-8
2020-02-29 00:00:00,17,0,0,0,0,0,0,32,1,2,8,1,-2
2020-03-01 00:00:00,17,0,0,0,0,0,0,39,0,1,-1,2,1
2020-03-02 00:00:00,17,0,0,0,0,0,0,39,1,0,-8,3,-2
2020-03-03 00:00:00,17,0,0,0,1,0,0,42,0,1,-8,0,-4
2020-03-04 00:00:00,17,0,0,0,1,0,0,48,2,1,-3,4,-2
2020-03-05 00:00:00,17,0,0,0,1,0,0,54,-17,4,-16,6,-3
2020-03-06 00:00:00,17,1,0,1,2,0,0,63,-19,7,-24,4,-13
2020-03-07 00:00:00,17,1,0,1,2,0,0,75,-23,9,-37,2,-22
2020-03-08 00:00:00,17,2,0,2,2,0,0,123,-11,7,-26,0,-28
2020-03-09 00:00:00,17,2,0,2,3,0,0,135,-25,9,-29,1,-23
2020-03-10 00:00:00,17,2,0,2,5,0,0,148,-32,13,-41,-1,-39
2020-03-11 00:00:00,17,1,1,2,6,0,0,155,-36,15,-46,-17,-48
2020-03-12 00:00:00,17,1,1,2,6,0,0,155,-45,20,-61,-27,-65
2020-03-13 00:00:00,17,1,1,2,8,0,0,155,-49,22,-65,-32,-70
2020-03-14 00:00:00,17,0,2,2,8,0,0,155,-54,22,-71,-37,-76
2020-03-15 00:00:00,17,0,2,2,9,0,0,208,-53,20,-76,-61,-87
2020-03-16 00:00:00,17,1,2,3,9,0,0,230,-54,23,-71,-35,-70
2020-03-17 00:00:00,17,5,2,7,13,0,0,262,-58,24,-71,-45,-73
2020-03-18 00:00:00,17,9,2,11,16,0,0,262,-58,25,-72,-45,-75
2020-03-19 00:00:00,17,8,5,13,24,0,0,353,-60,26,-75,-48,-75
2020-03-20 00:00:00,17,8,5,13,39,0,0,443,-61,27,-76,-45,-76
2020-03-21 00:00:00,17,12,7,19,47,0,0,522,-61,25,-79,-47,-80
2020-03-22 00:00:00,17,13,10,23,58,0,0,643,-59,22,-83,-87,-92
2020-03-23 00:00:00,17,15,12,27,62,0,1,696,-65,28,-79,-46,-77
2020-03-24 00:00:00,17,14,12,26,65,0,1,744,-67,28,-79,-51,-79
2020-03-25 00:00:00,17,20,14,34,78,0,1,857,-68,29,-80,-56,-82
2020-03-26 00:00:00,17,22,16,38,95,0,1,1046,-69,31,-82,-58,-82
2020-03-27 00:00:00,17,22,15,37,110,1,3,1254,-66,30,-80,-45,-78
2020-03-28 00:00:00,17,26,19,45,133,1,3,1421,-63,27,-80,-50,-82
2020-03-29 00:00:00,17,32,18,50,147,1,4,1585,-58,22,-86,-84,-91
2020-03-30 00:00:00,17,36,18,54,154,1,5,1833,-64,27,-77,-49,-79
2020-03-31 00:00:00,17,37,17,54,162,3,7,2043,-66,28,-76,-46,-91
2020-04-01 00:00:00,17,39,15,54,171,3,9,2262,-67,28,-74,-47,-91
2020-04-02 00:00:00,17,38,19,57,176,3,10,2427,-65,28,-75,-42,-90
2020-04-03 00:00:00,17,41,19,60,187,3,11,2622,-65,29,-76,-38,-82
2020-04-04 00:00:00,17,44,19,63,181,9,11,2765,-62,26,-79,-45,-85
2020-04-05 00:00:00,17,46,18,64,190,11,13,2931,-59,22,-83,-79,-93
2020-04-06 00:00:00,17,46,18,64,198,12,13,3061,-63,26,-75,-43,-81
2020-04-07 00:00:00,17,47,17,64,201,12,14,3160,-64,26,-74,-41,-79
2020-04-08 00:00:00,17,48,17,65,205,13,14,3296,-63,25,-72,-37,-79
2020-04-09 00:00:00,17,50,17,67,208,13,15,3474,-63,26,-72,-32,-78
2020-04-10 00:00:00,17,59,15,74,205,14,15,3696,-63,27,-71,-24,-77
2020-04-11 00:00:00,17,60,12,72,209,14,17,4050,-61,25,-75,-41,-82
2020-04-12 00:00:00,17,61,12,73,204,20,18,4355,-62,23,-86,-90,-93
2020-04-13 00:00:00,17,64,12,76,194,31,18,4545,-84,34,-90,-94,-94
2020-04-14 00:00:00,17,62,12,74,191,35,19,4759,-63,26,-72,-47,-80
2020-04-15 00:00:00,17,60,12,72,189,38,21,5037,-61,26,-71,-41,-78
2020-04-16 00:00:00,17,60,9,69,204,41,22,5349,-60,25,-70,-40,-77
2020-04-17 00:00:00,17,59,9,68,198,49,22,5710,-60,26,-69,-34,-76
2020-04-18 00:00:00,17,60,8,68,194,54,23,6056,-56,23,-74,-44,-80
2020-04-19 00:00:00,17,59,8,67,180,71,24,6528,-52,20,-82,-86,-91
2020-04-20 00:00:00,17,59,7,66,176,76,24,6868,-59,25,-71,-46,-76
2020-04-21 00:00:00,17,64,7,71,174,81,24,7470,-59,25,-72,-43,-75
2020-04-22 00:00:00,17,65,7,72,160,98,24,8040,-59,26,-73,-49,-78
2020-04-23 00:00:00,17,61,7,68,161,103,24,8511,-59,26,-72,-43,-77
2020-04-24 00:00:00,17,59,7,66,163,107,24,9026,-57,24,-67,-19,-70
2020-04-25 00:00:00,17,58,7,65,153,118,25,9792,-70,28,-85,-92,-92
2020-04-26 00:00:00,17,57,7,64,155,122,25,10077,-49,19,-80,-84,-89
2020-04-27 00:00:00,17,57,7,64,153,124,25,10364,-54,22,-67,-31,-69
2020-04-28 00:00:00,17,56,7,63,142,136,25,10889,-55,21,-67,-38,-71
2020-04-29 00:00:00,17,51,4,55,139,147,25,11331,-54,22,-65,-35,-71
2020-04-30 00:00:00,17,49,4,53,139,150,25,12774,-54,21,-63,-18,-66
2020-03-05 00:00:00,19,5,0,5,11,2,0,367,-18,5,-19,4,-7
2020-03-06 00:00:00,19,7,0,7,15,2,0,367,-18,6,-24,1,-12
2020-03-07 00:00:00,19,8,0,8,25,2,0,643,-15,7,-27,0,-21
2020-03-08 00:00:00,19,18,0,18,33,2,0,791,-10,7,-34,-2,-31
2020-03-09 00:00:00,19,19,0,19,33,2,0,836,-25,9,-37,1,-25
2020-03-10 00:00:00,19,17,2,19,41,2,0,955,-32,14,-47,-2,-43
2020-03-11 00:00:00,19,23,1,24,57,2,0,1194,-38,16,-55,-17,-51
2020-03-12 00:00:00,19,28,5,33,78,2,2,1477,-49,21,-66,-27,-68
2020-03-13 00:00:00,19,37,7,44,82,2,2,1950,-55,24,-73,-35,-74
2020-03-14 00:00:00,19,42,11,53,97,4,2,2100,-55,23,-74,-41,-80
2020-03-15 00:00:00,19,56,15,71,108,7,2,2452,-56,22,-82,-63,-90
2020-03-16 00:00:00,19,75,20,95,108,8,2,2653,-59,25,-77,-42,-75
2020-03-17 00:00:00,19,86,28,114,112,8,3,2916,-62,26,-78,-49,-78
2020-03-18 00:00:00,19,100,29,129,138,12,3,3294,-63,26,-79,-49,-78
2020-03-19 00:00:00,19,143,36,179,142,15,4,3961,-65,27,-80,-49,-78
2020-03-20 00:00:00,19,168,42,210,169,25,4,4468,-65,28,-81,-46,-80
2020-03-21 00:00:00,19,206,48,254,204,26,6,4883,-62,25,-82,-52,-84
2020-03-22 00:00:00,19,220,55,275,321,26,8,5580,-70,26,-89,-94,-96
2020-03-23 00:00:00,19,250,60,310,371,27,13,6375,-67,28,-83,-51,-80
2020-03-24 00:00:00,19,250,60,310,489,27,20,7170,-69,29,-82,-55,-82
2020-03-25 00:00:00,19,259,80,339,597,33,25,8312,-71,30,-85,-65,-86
2020-03-26 00:00:00,19,346,68,414,681,36,33,9658,-70,30,-84,-52,-82
2020-03-27 00:00:00,19,425,75,500,658,53,39,11079,-69,31,-84,-50,-82
2020-03-28 00:00:00,19,441,71,512,730,60,57,13096,-62,25,-82,-51,-83
2020-03-29 00:00:00,19,451,71,522,808,65,65,13814,-68,25,-89,-93,-95
2020-03-30 00:00:00,19,484,75,559,849,71,76,14758,-67,28,-82,-49,-80
2020-03-31 00:00:00,19,503,72,575,917,74,81,15634,-67,27,-78,-46,-91
2020-04-01 00:00:00,19,496,72,568,976,86,88,16836,-67,27,-78,-45,-91
2020-04-02 00:00:00,19,503,73,576,1030,92,93,17833,-68,29,-80,-46,-91
2020-04-03 00:00:00,19,535,73,608,1056,94,101,18686,-67,30,-82,-43,-85
2020-04-04 00:00:00,19,553,74,627,1099,95,111,19896,-61,25,-80,-48,-87
2020-04-05 00:00:00,19,556,76,632,1142,104,116,21904,-67,25,-89,-93,-96
2020-04-06 00:00:00,19,563,74,637,1178,108,123,23464,-64,27,-80,-44,-82
2020-04-07 00:00:00,19,562,73,635,1224,113,125,24857,-65,27,-79,-44,-81
2020-04-08 00:00:00,19,563,65,628,1265,133,133,27438,-65,26,-78,-41,-81
2020-04-09 00:00:00,19,566,63,629,1313,152,138,28742,-66,27,-78,-37,-80
2020-04-10 00:00:00,19,568,62,630,1337,187,148,31156,-66,28,-79,-32,-80
2020-04-11 00:00:00,19,562,58,620,1381,209,154,33787,-60,24,-79,-41,-83
2020-04-12 00:00:00,19,552,53,605,1425,223,163,36098,-70,26,-90,-94,-97
2020-04-13 00:00:00,19,554,51,605,1445,237,171,37311,-88,36,-92,-96,-96
2020-04-14 00:00:00,19,552,53,605,1466,255,175,37877,-63,26,-78,-48,-81
2020-04-15 00:00:00,19,541,49,590,1491,273,181,39867,-63,26,-77,-43,-80
2020-04-16 00:00:00,19,525,48,573,1535,284,187,42405,-63,27,-78,-42,-79
2020-04-17 00:00:00,19,521,46,567,1572,296,190,45172,-62,27,-79,-38,-79
2020-04-18 00:00:00,19,526,42,568,1603,305,196,47715,-56,23,-77,-46,-83
2020-04-19 00:00:00,19,522,41,563,1639,315,200,49772,-63,24,-87,-93,-95
2020-04-20 00:00:00,19,526,39,565,1645,346,203,51373,-60,25,-78,-48,-78
2020-04-21 00:00:00,19,514,37,551,1708,370,206,55093,-61,26,-76,-48,-79
2020-04-22 00:00:00,19,500,35,535,1752,388,208,58732,-61,25,-76,-46,-78
2020-04-23 00:00:00,19,476,34,510,1791,412,213,62150,-61,26,-76,-41,-78
2020-04-24 00:00:00,19,461,32,493,1827,443,218,65165,-59,24,-75,-22,-72
2020-04-25 00:00:00,19,452,33,485,1787,524,224,68251,-74,28,-86,-94,-95
2020-04-26 00:00:00,19,445,33,478,1629,720,228,70104,-60,23,-86,-92,-94
2020-04-27 00:00:00,19,440,35,475,1648,731,231,70650,-57,23,-74,-34,-71
2020-04-28 00:00:00,19,428,34,462,1681,745,232,73008,-57,22,-73,-39,-74
2020-04-29 00:00:00,19,415,34,449,1696,763,232,75360,-58,24,-73,-35,-74
2020-04-30 00:00:00,19,408,33,441,1716,774,235,79669,-57,22,-70,-21,-68
2020-05-01 00:00:00,19,399,30,429,1742,786,237,82860,-84,34,-88,-93,-94
2020-05-02 00:00:00,19,396,30,426,1760,787,240,84352,-50,21,-73,-36,-77
2020-05-03 00:00:00,19,383,29,412,1791,795,242,85955,-54,22,-82,-90,-93
2020-02-25 00:00:00,22,0,0,0,0,0,0,3,-23,7,-12,15,1
2020-02-26 00:00:00,22,0,0,0,0,0,0,3,-17,6,-16,2,-2
2020-02-27 00:00:00,22,0,0,0,0,0,0,32,-18,6,-12,3,0
2020-02-28 00:00:00,22,0,0,0,0,0,0,32,-17,6,-12,0,-1
2020-02-29 00:00:00,22,0,0,0,0,0,0,43,-7,3,-9,0,-7
2020-03-01 00:00:00,22,0,0,0,0,0,0,122,-4,6,-27,-6,-21
2020-03-02 00:00:00,22,0,0,0,0,0,0,122,0,3,-14,-9,-15
2020-03-03 00:00:00,22,1,0,1,3,0,0,122,0,2,-9,-1,-9
2020-03-04 00:00:00,22,1,0,1,4,0,0,122,0,1,-2,1,-3
2020-03-05 00:00:00,22,2,0,2,5,0,0,122,-14,7,-21,1,-12
2020-05-01 00:00:00,17,49,4,53,140,160,25,13269,-79,32,-86,-91,-91
2020-05-02 00:00:00,17,48,4,52,139,164,25,13722,-52,22,-68,-33,-75
2020-05-03 00:00:00,17,48,3,51,143,167,25,14210,-45,19,-80,-83,-89
2020-02-25 00:00:00,18,0,0,0,0,0,0,2,-12,3,-7,7,-4
2020-02-26 00:00:00,18,0,0,0,0,0,0,3,-6,3,-14,-4,-13
2020-02-27 00:00:00,18,0,0,0,0,0,0,14,-4,4,-15,-1,-9
2020-02-28 00:00:00,18,0,0,0,1,0,0,21,-5,4,-21,-3,-10
2020-02-29 00:00:00,18,0,0,0,1,0,0,27,0,2,-14,-1,-4
2020-03-01 00:00:00,18,0,0,0,1,0,0,35,-1,1,-13,1,1
2020-03-02 00:00:00,18,0,0,0,1,0,0,39,0,1,-12,3,-1
2020-03-03 00:00:00,18,0,0,0,1,0,0,39,-4,2,-16,-3,-5
2020-03-04 00:00:00,18,0,0,0,1,0,0,46,-2,2,-17,2,-5
2020-03-05 00:00:00,18,1,0,1,1,0,0,53,-19,5,-19,7,-7
2020-03-06 00:00:00,18,2,0,2,2,0,0,99,-21,7,-28,-1,-16
2020-03-07 00:00:00,18,2,0,2,2,0,0,113,-21,8,-34,0,-22
2020-03-08 00:00:00,18,5,0,5,4,0,0,113,-10,7,-40,0,-31
2020-03-09 00:00:00,18,8,0,8,1,2,0,173,-27,10,-40,0,-26
2020-03-10 00:00:00,18,8,2,10,1,2,0,360,-35,14,-47,-2,-42
2020-03-11 00:00:00,18,10,2,12,5,2,0,405,-42,18,-58,-22,-56
2020-03-12 00:00:00,18,14,2,16,16,1,0,483,-53,22,-66,-32,-71
2020-03-13 00:00:00,18,18,3,21,16,1,0,504,-58,25,-70,-40,-75
2020-03-14 00:00:00,18,22,4,26,33,1,0,711,-59,24,-75,-47,-81
2020-03-15 00:00:00,18,32,6,38,28,1,1,884,-55,20,-83,-66,-89
2020-03-16 00:00:00,18,36,7,43,44,1,1,1030,-61,25,-79,-46,-76
2020-03-17 00:00:00,18,45,10,55,57,1,1,1293,-63,25,-78,-51,-78
2020-03-18 00:00:00,18,45,11,56,70,2,1,1668,-65,27,-79,-50,-79
2020-03-19 00:00:00,18,60,13,73,91,2,3,2342,-66,27,-79,-53,-80
2020-03-20 00:00:00,18,71,16,87,114,2,4,2690,-66,29,-82,-50,-80
2020-03-21 00:00:00,18,73,16,89,136,5,5,3050,-65,26,-83,-55,-85
2020-03-22 00:00:00,18,77,17,94,166,5,8,3666,-66,23,-89,-92,-94
2020-03-23 00:00:00,18,82,20,102,178,5,7,4073,-68,28,-84,-53,-80
2020-03-24 00:00:00,18,88,21,109,195,5,10,4486,-70,28,-81,-56,-82
2020-03-25 00:00:00,18,93,23,116,217,7,11,5058,-72,30,-84,-62,-85
2020-03-26 00:00:00,18,101,23,124,248,7,14,5933,-71,30,-84,-60,-85
2020-03-27 00:00:00,18,103,22,125,344,7,18,6901,-69,30,-84,-51,-81
2020-03-28 00:00:00,18,107,22,129,394,11,21,7760,-65,27,-84,-55,-84
2020-03-29 00:00:00,18,124,19,143,434,12,25,8485,-63,22,-90,-92,-94
2020-03-30 00:00:00,18,130,18,148,454,14,31,9013,-67,27,-83,-52,-81
2020-03-31 00:00:00,18,132,17,149,457,17,36,9327,-68,27,-80,-48,-92
2020-04-01 00:00:00,18,144,16,160,450,21,38,9983,-68,28,-81,-48,-92
2020-04-02 00:00:00,18,163,19,182,445,23,41,10679,-67,28,-80,-47,-91
2020-04-03 00:00:00,18,183,17,200,462,26,45,11608,-67,30,-83,-46,-85
2020-04-04 00:00:00,18,178,15,193,469,30,49,12314,-63,26,-83,-47,-87
2020-04-05 00:00:00,18,174,13,187,519,33,56,13077,-62,22,-90,-91,-95
2020-04-06 00:00:00,18,170,14,184,538,37,58,13633,-64,26,-81,-45,-83
2020-04-07 00:00:00,18,169,14,183,550,40,60,14072,-65,26,-80,-43,-82
2020-04-08 00:00:00,18,170,15,185,570,44,60,14977,-65,26,-79,-41,-82
2020-04-09 00:00:00,18,168,15,183,582,48,61,15698,-65,27,-77,-38,-82
2020-04-10 00:00:00,18,168,14,182,604,50,65,16637,-65,28,-80,-33,-81
2020-04-11 00:00:00,18,169,15,184,608,57,66,17493,-62,25,-82,-43,-85
2020-04-12 00:00:00,18,165,14,179,616,62,66,18211,-63,23,-91,-93,-95
2020-04-13 00:00:00,18,160,12,172,619,70,67,18596,-86,33,-92,-95,-95
2020-04-14 00:00:00,18,161,12,173,643,72,68,19014,-64,25,-80,-50,-82
2020-04-15 00:00:00,18,156,11,167,652,81,71,19662,-63,26,-78,-45,-82
2020-04-16 00:00:00,18,157,9,166,681,90,72,20642,-62,26,-78,-43,-80
2020-04-17 00:00:00,18,154,7,161,658,99,73,21657,-62,27,-80,-41,-80
2020-04-18 00:00:00,18,152,7,159,673,106,73,22794,-57,24,-80,-48,-84
2020-04-19 00:00:00,18,142,6,148,696,116,75,23760,-55,21,-87,-91,-94
2020-04-20 00:00:00,18,140,7,147,681,135,75,24373,-61,25,-80,-49,-79
2020-04-21 00:00:00,18,133,7,140,679,152,76,25440,-61,25,-77,-48,-80
2020-04-22 00:00:00,18,128,7,135,686,163,76,26560,-61,26,-78,-50,-81
2020-04-23 00:00:00,18,129,7,136,687,170,76,27869,-62,26,-78,-46,-80
2020-04-24 00:00:00,18,123,7,130,691,178,80,28764,-60,25,-78,-29,-76
2020-04-25 00:00:00,18,125,7,132,679,197,80,29959,-72,28,-87,-91,-94
2020-04-26 00:00:00,18,118,8,126,671,212,80,30853,-51,20,-86,-80,-92
2020-04-27 00:00:00,18,114,6,120,662,231,83,31787,-56,22,-75,-37,-73
2020-04-28 00:00:00,18,113,6,119,645,248,85,33755,-57,21,-74,-42,-76
2020-04-29 00:00:00,18,107,6,113,640,263,86,34914,-57,23,-75,-40,-77
2020-04-30 00:00:00,18,105,6,111,629,282,86,35903,-56,23,-73,-28,-72
2020-05-01 00:00:00,18,105,3,108,619,299,86,37054,-78,32,-88,-83,-91
2020-05-02 00:00:00,18,100,4,104,609,311,88,37928,-52,22,-78,-38,-79
2020-05-03 00:00:00,18,95,4,99,603,324,88,38835,-42,18,-83,-70,-89
2020-02-25 00:00:00,15,0,0,0,0,0,0,10,-20,5,-7,-2,-2
2020-02-26 00:00:00,15,0,0,0,0,0,0,10,-11,4,-11,-6,-10
2020-02-27 00:00:00,15,2,0,2,1,0,0,10,-16,5,-15,-1,-6
2020-02-28 00:00:00,15,2,0,2,2,0,0,213,-16,5,-16,-1,-6
2020-02-29 00:00:00,15,3,0,3,10,0,0,373,-10,2,-5,2,-3
2020-03-01 00:00:00,15,4,0,4,13,0,0,373,-2,2,-14,-1,-11
2020-03-02 00:00:00,15,4,0,4,13,0,0,373,-3,2,-10,0,-8
2020-03-03 00:00:00,15,11,0,11,19,0,0,405,-2,2,-11,-1,-7
2020-03-04 00:00:00,15,11,0,11,20,0,0,429,-1,1,-9,2,-5
2020-03-05 00:00:00,15,12,0,12,33,0,0,471,-16,5,-17,4,-6
2020-03-06 00:00:00,15,12,0,12,45,0,0,471,-18,7,-27,-1,-14
2020-03-07 00:00:00,15,16,0,16,45,0,0,612,-14,7,-28,4,-22
2020-03-08 00:00:00,15,30,7,37,63,1,0,980,-8,6,-29,0,-29
2020-03-09 00:00:00,15,42,8,50,69,1,0,980,-25,10,-37,2,-26
2020-03-10 00:00:00,15,33,8,41,85,1,0,1141,-34,15,-50,-1,-44
2020-03-11 00:00:00,15,56,11,67,82,4,1,1375,-42,18,-59,-17,-55
2020-03-12 00:00:00,15,56,11,67,107,4,1,1551,-51,23,-68,-27,-70
2020-03-13 00:00:00,15,60,19,79,134,5,2,1671,-57,26,-73,-33,-75
2020-03-14 00:00:00,15,72,17,89,154,23,6,1936,-59,24,-78,-42,-83
2020-03-15 00:00:00,15,73,22,95,201,28,9,2213,-61,22,-85,-61,-91
2020-03-16 00:00:00,15,103,22,125,238,28,9,2517,-62,27,-79,-43,-77
2020-03-17 00:00:00,15,127,24,151,272,28,9,2685,-65,28,-79,-45,-78
2020-03-18 00:00:00,15,127,24,151,272,28,9,2685,-65,28,-79,-46,-79
2020-03-19 00:00:00,15,213,36,249,356,30,17,3544,-66,30,-80,-48,-80
2020-03-20 00:00:00,15,130,41,171,531,30,17,3845,-67,31,-81,-45,-81
2020-03-21 00:00:00,15,233,87,320,473,29,22,4448,-64,26,-82,-49,-84
2020-03-22 00:00:00,15,243,99,342,524,41,29,4943,-68,24,-89,-79,-94
2020-03-23 00:00:00,15,266,110,376,553,48,49,5813,-70,30,-83,-52,-82
2020-03-24 00:00:00,15,345,181,526,466,53,56,6297,-71,30,-82,-52,-82
2020-03-25 00:00:00,15,318,123,441,631,53,74,6972,-72,31,-84,-56,-84
2020-03-26 00:00:00,15,448,114,562,607,58,83,8346,-73,33,-85,-57,-85
2020-03-27 00:00:00,15,456,113,569,723,64,98,9613,-71,33,-84,-48,-82
2020-03-28 00:00:00,15,463,132,595,812,76,109,10616,-66,27,-83,-51,-85
2020-03-29 00:00:00,15,476,135,611,945,86,117,11805,-67,23,-89,-78,-94
2020-03-30 00:00:00,15,468,126,594,1145,88,125,12969,-69,30,-82,-51,-82
2020-03-31 00:00:00,15,501,133,634,1237,88,133,14403,-70,30,-80,-46,-92
2020-04-01 00:00:00,15,478,129,607,1369,107,148,15728,-70,30,-79,-43,-92
2020-04-02 00:00:00,15,503,120,623,1517,149,167,17404,-70,31,-80,-43,-92
2020-04-03 00:00:00,15,532,115,647,1705,144,181,19237,-69,32,-81,-39,-85
2020-04-04 00:00:00,15,567,114,681,1815,146,186,21534,-65,26,-81,-46,-89
2020-04-05 00:00:00,15,609,108,717,1904,150,189,23139,-66,24,-88,-74,-95
2020-04-06 00:00:00,15,610,101,711,1987,156,204,24526,-68,29,-80,-45,-84
2020-04-07 00:00:00,15,603,103,706,2059,167,216,25779,-68,29,-79,-39,-82
2020-04-08 00:00:00,15,608,97,705,2154,188,221,27784,-68,29,-78,-36,-82
2020-04-09 00:00:00,15,604,94,698,2175,244,227,29664,-68,29,-78,-32,-81
2020-04-10 00:00:00,15,600,90,690,2273,248,231,31745,-69,31,-79,-30,-81
2020-04-11 00:00:00,15,582,85,667,2335,277,238,33781,-64,26,-78,-42,-86
2020-04-12 00:00:00,15,526,82,608,2449,305,242,35448,-71,25,-91,-94,-97
2020-04-13 00:00:00,15,606,80,686,2376,360,248,36770,-90,37,-92,-95,-96
2020-04-14 00:00:00,15,618,82,700,2394,415,260,38094,-68,29,-80,-48,-84
2020-04-15 00:00:00,15,607,86,693,2394,442,278,39534,-66,29,-79,-43,-83
2020-04-16 00:00:00,15,618,76,694,2424,483,286,41296,-66,29,-78,-42,-82
2020-04-17 00:00:00,15,622,76,698,2329,631,293,43697,-65,30,-78,-36,-81
2020-04-18 00:00:00,15,605,76,681,2364,643,300,46294,-60,25,-79,-45,-86
2020-04-19 00:00:00,15,590,61,651,2371,703,304,48187,-61,23,-87,-76,-94
2020-04-20 00:00:00,15,586,61,647,2372,746,309,51090,-64,28,-81,-52,-82
2020-04-21 00:00:00,15,532,58,590,2356,872,317,53548,-64,28,-78,-44,-80
2020-04-22 00:00:00,15,523,53,576,2422,860,327,55701,-65,29,-80,-51,-83
2020-04-23 00:00:00,15,539,47,586,2392,928,332,58324,-63,28,-78,-41,-80
2020-04-24 00:00:00,15,524,44,568,2375,1003,336,61331,-62,28,-75,-27,-77
2020-04-25 00:00:00,15,543,55,598,2337,1023,341,64521,-69,27,-84,-68,-90
2020-04-26 00:00:00,15,536,45,581,2343,1062,345,67218,-62,23,-87,-91,-95
2020-04-27 00:00:00,15,541,37,578,2299,1120,352,68727,-59,25,-74,-36,-74
2020-04-28 00:00:00,15,544,33,577,2225,1220,358,70566,-60,25,-74,-38,-76
2020-04-29 00:00:00,15,518,31,549,2233,1269,359,73094,-59,26,-72,-37,-76
2020-04-30 00:00:00,15,484,29,513,2260,1291,359,76108,-58,25,-70,-22,-72
2020-05-01 00:00:00,15,478,29,507,2246,1332,359,79940,-85,37,-88,-92,-93
2020-05-02 00:00:00,15,470,27,497,2224,1376,362,83592,-51,22,-71,-29,-78
2020-05-03 00:00:00,15,455,30,485,2241,1394,364,86498,-49,21,-81,-67,-90
2020-02-25 00:00:00,8,15,2,17,9,0,0,391,-15,7,-23,1,-11
2020-02-26 00:00:00,8,20,3,23,23,0,1,577,-15,8,-31,-9,-18
2020-02-27 00:00:00,8,36,6,42,54,0,1,1033,-15,7,-29,-6,-12
2020-02-28 00:00:00,8,56,6,62,81,0,2,1277,-15,7,-28,-5,-11
2020-02-29 00:00:00,8,86,11,97,116,0,4,1550,-16,5,-23,1,-13
2020-03-01 00:00:00,8,127,13,140,137,0,8,1795,-8,6,-38,-5,-26
2020-03-02 00:00:00,8,148,16,164,160,0,11,1973,-10,6,-31,-6,-14
2020-03-03 00:00:00,8,187,24,211,187,4,18,2012,-13,7,-31,-6,-12
2020-03-04 00:00:00,8,256,26,282,234,6,22,2500,-13,7,-30,-4,-13
2020-03-05 00:00:00,8,327,32,359,299,10,30,2884,-14,8,-32,-5,-16
2020-03-06 00:00:00,8,397,53,450,366,17,37,3136,-15,8,-34,-1,-17
2020-03-07 00:00:00,8,464,64,528,409,25,48,3604,-18,8,-31,5,-22
2020-03-08 00:00:00,8,542,75,617,480,27,56,4344,-13,7,-33,7,-37
2020-03-09 00:00:00,8,576,90,666,620,30,70,4906,-20,12,-45,-4,-34
2020-03-10 00:00:00,8,669,98,767,650,31,85,5494,-27,16,-50,-5,-44
2020-03-11 00:00:00,8,745,104,849,739,38,113,6640,-32,18,-54,-11,-50
2020-03-12 00:00:00,8,814,112,926,832,43,146,7600,-40,23,-63,-17,-68
2020-03-13 00:00:00,8,942,128,1070,941,51,201,8787,-46,27,-68,-18,-73
2020-03-14 00:00:00,8,1076,152,1228,1121,54,241,10043,-57,26,-76,-37,-84
2020-03-15 00:00:00,8,1215,169,1384,1357,68,284,12054,-53,22,-80,-56,-90
2020-03-16 00:00:00,8,1362,197,1559,1529,88,346,13096,-50,26,-70,-31,-73
2020-03-17 00:00:00,8,1566,223,1789,1615,134,393,14510,-55,29,-72,-36,-76
2020-03-18 00:00:00,8,1784,247,2031,1884,152,458,15461,-56,30,-73,-38,-77
2020-03-19 00:00:00,8,1900,260,2160,2346,177,531,18344,-57,31,-75,-39,-78
2020-03-20 00:00:00,8,2083,267,2350,2739,239,640,20753,-58,33,-76,-33,-79
2020-03-21 00:00:00,8,2267,265,2532,3129,329,715,24620,-62,28,-80,-46,-86
2020-03-22 00:00:00,8,2429,269,2698,3692,349,816,28022,-64,24,-88,-94,-96
2020-03-23 00:00:00,8,2846,276,3122,4098,423,892,31200,-64,32,-78,-39,-79
2020-03-24 00:00:00,8,2974,291,3265,4446,558,985,33527,-66,34,-77,-43,-80
2020-03-25 00:00:00,8,3180,294,3474,4782,721,1077,38045,-68,35,-80,-46,-83
2020-03-26 00:00:00,8,3354,301,3655,5195,792,1174,42395,-71,37,-82,-51,-85
2020-03-27 00:00:00,8,3461,308,3769,5592,960,1267,47798,-70,38,-81,-40,-83
2020-03-28 00:00:00,8,3695,316,4011,5953,1075,1344,52991,-66,29,-82,-50,-88
2020-03-29 00:00:00,8,3769,333,4102,6433,1141,1443,52991,-65,24,-88,-94,-96
2020-03-30 00:00:00,8,3779,351,4130,6636,1227,1538,50990,-67,33,-78,-42,-81
2020-03-31 00:00:00,8,3765,353,4118,6835,1477,1644,54532,-69,35,-76,-37,-90
2020-04-01 00:00:00,8,3898,359,4257,7232,1566,1732,58457,-68,35,-76,-35,-90
2020-04-02 00:00:00,8,3944,366,4310,7549,1663,1811,60507,-68,35,-76,-35,-90
2020-04-03 00:00:00,8,3915,364,4279,7899,1852,1902,63682,-67,36,-78,-29,-85
2020-04-04 00:00:00,8,3859,358,4217,8306,2040,1977,67075,-64,28,-81,-42,-90
2020-04-05 00:00:00,8,3839,375,4214,8623,2201,2051,69986,-63,24,-87,-93,-96
2020-04-06 00:00:00,8,3804,372,4176,8875,2397,2108,72163,-63,31,-76,-32,-82
2020-04-07 00:00:00,8,3750,366,4116,8932,2597,2180,75191,-64,33,-75,-33,-81
2020-04-08 00:00:00,8,3769,361,4130,8980,2890,2234,78367,-64,33,-75,-31,-81
2020-04-09 00:00:00,8,3722,355,4077,9181,3103,2316,81715,-64,33,-75,-28,-81
2020-04-10 00:00:00,8,3596,349,3945,9405,3381,2397,85884,-65,35,-76,-20,-80
2020-04-11 00:00:00,8,3530,341,3871,9624,3659,2481,91759,-63,27,-79,-38,-87
2020-04-12 00:00:00,8,3491,335,3826,9846,3862,2564,96704,-66,24,-89,-95,-96
2020-04-13 00:00:00,8,3490,331,3821,9997,4007,2615,99047,-91,43,-90,-96,-96
2020-04-14 00:00:00,8,3473,328,3801,9977,4269,2705,101896,-61,31,-74,-33,-80
2020-04-15 00:00:00,8,3388,325,3713,9864,4664,2788,106149,-60,31,-73,-31,-80
2020-04-16 00:00:00,8,3360,316,3676,9987,4980,2843,112105,-59,32,-74,-33,-78
2020-04-17 00:00:00,8,3330,309,3639,9946,5346,2903,116826,-59,33,-75,-29,-78
2020-04-18 00:00:00,8,3234,296,3530,10054,5635,2965,121220,-58,27,-78,-43,-85
2020-04-19 00:00:00,8,3166,289,3455,10097,5985,3023,124916,-57,23,-86,-84,-94
2020-04-20 00:00:00,8,3144,283,3427,10095,6266,3079,129530,-57,29,-77,-46,-78
2020-04-21 00:00:00,8,3045,282,3327,9917,6701,3147,134878,-58,31,-74,-41,-78
2020-04-22 00:00:00,8,2964,282,3246,9838,7146,3204,140874,-56,30,-73,-39,-77
2020-04-23 00:00:00,8,2889,266,3155,9690,7609,3269,146146,-57,30,-72,-37,-77
2020-04-24 00:00:00,8,2807,264,3071,9438,8158,3303,151505,-57,31,-72,-23,-75
2020-04-25 00:00:00,8,2718,246,2964,9383,8515,3347,156883,-75,30,-85,-94,-95
2020-04-26 00:00:00,8,2695,245,2940,9401,8723,3386,161928,-51,22,-83,-57,-91
2020-04-27 00:00:00,8,2640,247,2887,9338,9006,3431,164979,-52,26,-69,-31,-71
2020-04-28 00:00:00,8,2574,228,2802,9201,9439,3472,172589,-54,27,-71,-36,-75
2020-04-29 00:00:00,8,2527,226,2753,9109,9803,3512,176865,-53,28,-70,-33,-74
2020-04-30 00:00:00,8,2146,206,2352,7211,12322,3551,182857,-53,27,-69,-21,-71
2020-05-01 00:00:00,8,2112,197,2309,7175,12581,3579,188264,-88,45,-87,-94,-94
2020-05-02 00:00:00,8,2033,196,2229,7094,12913,3614,192135,-53,25,-73,-32,-79
2020-05-03 00:00:00,8,1997,197,2194,6851,13329,3642,197075,-46,22,-81,-66,-90
2020-02-25 00:00:00,6,0,0,0,0,0,0,89,-18,7,-23,3,-9
2020-02-26 00:00:00,6,0,0,0,0,0,0,114,-18,7,-26,-7,-14
2020-02-27 00:00:00,6,0,0,0,0,0,0,141,-14,6,-22,-4,-9
2020-02-28 00:00:00,6,0,0,0,0,0,0,169,-14,6,-21,-5,-7
2020-02-29 00:00:00,6,0,0,0,0,0,0,189,-12,4,-16,-1,-10
2020-03-01 00:00:00,6,0,0,0,6,0,0,243,-9,9,-40,-13,-34
2020-03-02 00:00:00,6,0,0,0,9,0,0,269,-13,7,-29,-5,-12
2020-03-03 00:00:00,6,1,0,1,12,0,0,354,-13,6,-24,-2,-7
2020-03-04 00:00:00,6,3,0,3,15,0,0,376,-13,6,-23,0,-7
2020-03-05 00:00:00,6,4,0,4,17,0,0,397,-13,6,-24,1,-9
2020-03-06 00:00:00,6,4,0,4,24,3,0,577,-14,8,-28,-1,-15
2020-03-07 00:00:00,6,7,1,8,31,3,0,577,-13,5,-16,3,-13
2020-03-08 00:00:00,6,7,1,8,45,3,1,997,-5,3,-7,9,-16
2020-03-09 00:00:00,6,18,1,19,70,3,1,1344,-16,8,-31,1,-21
2020-03-10 00:00:00,6,27,6,33,77,3,3,1602,-21,13,-41,9,-37
2020-03-11 00:00:00,6,16,5,21,89,10,6,2073,-27,17,-48,-6,-48
2020-03-12 00:00:00,6,23,10,33,115,11,8,2604,-37,22,-60,-13,-71
2020-03-13 00:00:00,6,59,8,67,169,11,10,3149,-45,27,-67,-18,-76
2020-03-14 00:00:00,6,67,11,78,193,17,13,3376,-56,26,-72,-38,-85
2020-03-15 00:00:00,6,98,12,110,206,17,14,3407,-48,22,-75,-55,-90
2020-03-16 00:00:00,6,96,19,115,231,18,22,4851,-51,26,-68,-31,-76
2020-03-17 00:00:00,6,104,21,125,222,17,30,4958,-54,28,-69,-34,-77
2020-03-18 00:00:00,6,128,27,155,261,15,31,4958,-54,29,-71,-37,-79
2020-03-19 00:00:00,6,134,29,163,359,41,36,4052,-56,30,-72,-36,-79
2020-03-20 00:00:00,6,143,32,175,380,63,38,4964,-57,32,-73,-30,-80
2020-03-21 00:00:00,6,152,37,189,477,82,42,5955,-59,27,-76,-45,-87
2020-03-22 00:00:00,6,163,47,210,528,89,47,6761,-57,24,-84,-95,-96
2020-03-23 00:00:00,6,185,41,226,545,105,54,7424,-62,31,-75,-39,-80
2020-03-24 00:00:00,6,195,49,244,604,80,64,8526,-63,32,-74,-41,-81
2020-03-25 00:00:00,6,200,52,252,659,158,70,9494,-64,34,-77,-45,-83
2020-03-26 00:00:00,6,212,54,266,688,197,72,10721,-69,36,-79,-46,-85
2020-03-27 00:00:00,6,222,57,279,748,214,76,11841,-68,37,-77,-37,-83
2020-03-28 00:00:00,6,223,59,282,838,229,87,12723,-63,28,-77,-47,-87
2020-03-29 00:00:00,6,236,60,296,845,241,98,13397,-59,24,-83,-94,-95
2020-03-30 00:00:00,6,229,60,289,820,285,107,14003,-66,33,-77,-44,-82
2020-03-31 00:00:00,6,215,60,275,885,320,113,14899,-66,33,-73,-37,-89
2020-04-01 00:00:00,6,206,60,266,940,357,122,15987,-66,34,-73,-36,-90
2020-04-02 00:00:00,6,199,60,259,1035,376,129,17121,-66,34,-74,-35,-89
2020-04-03 00:00:00,6,201,61,262,1062,419,136,19985,-66,36,-75,-29,-85
2020-04-04 00:00:00,6,183,50,233,1103,505,145,21126,-60,27,-75,-42,-88
2020-04-05 00:00:00,6,185,50,235,1128,531,154,21652,-58,24,-83,-94,-95
2020-04-06 00:00:00,6,189,46,235,1161,549,158,22272,-62,31,-73,-35,-82
2020-04-07 00:00:00,6,185,44,229,1150,610,164,23536,-63,32,-72,-32,-81
2020-04-08 00:00:00,6,162,41,203,1212,634,169,24798,-62,32,-73,-32,-82
2020-04-09 00:00:00,6,167,37,204,1186,738,171,26205,-63,32,-72,-25,-81
2020-04-10 00:00:00,6,167,33,200,1198,772,179,28097,-64,34,-72,-16,-80
2020-04-11 00:00:00,6,172,28,200,1182,826,185,29685,-59,27,-74,-36,-86
2020-04-12 00:00:00,6,160,28,188,1138,910,195,29988,-59,25,-85,-95,-96
2020-04-13 00:00:00,6,159,30,189,1118,973,202,30941,-90,42,-89,-96,-96
2020-04-14 00:00:00,6,166,28,194,705,1415,206,31764,-60,30,-71,-36,-81
2020-04-15 00:00:00,6,163,24,187,1207,938,212,33800,-58,30,-70,-31,-80
2020-04-16 00:00:00,6,159,26,185,1145,1069,217,35766,-57,30,-70,-30,-79
2020-04-17 00:00:00,6,148,23,171,1257,1027,220,40030,-57,32,-69,-25,-79
2020-04-18 00:00:00,6,141,27,168,1235,1106,222,43293,-54,25,-69,-40,-83
2020-04-19 00:00:00,6,140,25,165,1172,1183,225,44622,-52,23,-77,-93,-94
2020-04-20 00:00:00,6,140,22,162,1028,1346,239,45161,-54,28,-70,-42,-78
2020-04-21 00:00:00,6,139,21,160,1162,1229,241,48500,-54,28,-67,-38,-77
2020-04-22 00:00:00,6,134,20,154,1154,1263,246,50869,-53,28,-67,-37,-78
2020-04-23 00:00:00,6,138,18,156,979,1467,256,52918,-53,28,-67,-31,-77
2020-04-24 00:00:00,6,136,16,152,1168,1304,258,55502,-54,29,-65,-12,-74
2020-04-25 00:00:00,6,122,15,137,947,1556,263,58375,-70,28,-78,-93,-93
2020-04-26 00:00:00,6,129,13,142,1106,1405,264,59681,-49,22,-74,-91,-92
2020-04-27 00:00:00,6,130,13,143,1115,1448,271,60940,-50,24,-60,-22,-69
2020-04-28 00:00:00,6,136,13,149,1090,1478,278,64151,-51,25,-60,-28,-72
2020-04-29 00:00:00,6,134,12,146,1081,1498,285,66769,-50,27,-64,-29,-74
2020-04-30 00:00:00,6,109,11,120,1050,1566,289,67930,-50,25,-59,-10,-68
2020-05-01 00:00:00,6,131,6,137,978,1632,294,71013,-85,41,-76,-91,-90
2020-05-02 00:00:00,6,131,5,136,973,1655,295,73855,-50,22,-61,-27,-75
2020-05-03 00:00:00,6,131,6,137,950,1688,297,74990,-40,19,-55,-85,-85
2020-02-25 00:00:00,12,1,1,2,0,1,0,124,-3,1,-7,7,1
2020-02-26 00:00:00,12,0,0,0,0,3,0,124,0,2,-10,-3,-8
2020-02-27 00:00:00,12,0,0,0,0,3,0,552,1,1,-9,0,-4
2020-02-28 00:00:00,12,0,0,0,0,3,0,611,1,1,-7,0,-3
2020-02-29 00:00:00,12,3,0,3,0,3,0,679,1,0,-6,0,-2
2020-03-01 00:00:00,12,3,0,3,0,3,0,724,-3,3,-22,-6,-17
2020-03-02 00:00:00,12,3,0,3,1,3,0,773,1,2,-13,-7,-12
2020-03-03 00:00:00,12,10,0,10,1,3,0,877,0,2,-14,-1,-7
2020-03-04 00:00:00,12,15,3,18,9,3,0,995,1,1,-11,4,-5
2020-03-05 00:00:00,12,20,7,27,14,3,0,1175,-15,6,-22,6,-10
2020-03-06 00:00:00,12,26,8,34,16,3,1,1373,-16,8,-26,2,-16
2020-03-07 00:00:00,12,43,8,51,21,3,1,1582,-8,5,-23,4,-18
2020-03-08 00:00:00,12,47,8,55,26,3,3,1929,-8,4,-30,4,-23
2020-03-09 00:00:00,12,55,8,63,31,3,5,1929,-25,11,-39,2,-28
2020-03-10 00:00:00,12,50,15,65,34,11,6,3591,-36,17,-52,-2,-44
2020-03-11 00:00:00,12,67,18,85,40,19,6,3591,-44,21,-60,-15,-53
2020-03-12 00:00:00,12,85,20,105,67,19,9,5592,-55,28,-70,-25,-72
2020-03-13 00:00:00,12,122,24,146,96,24,11,6491,-60,31,-75,-32,-77
2020-03-14 00:00:00,12,181,25,206,114,24,13,7335,-56,24,-77,-43,-84
2020-03-15 00:00:00,12,223,31,254,142,24,16,8345,-55,22,-82,-55,-90
2020-03-16 00:00:00,12,267,31,298,174,32,19,9330,-64,30,-79,-39,-76
2020-03-17 00:00:00,12,314,44,358,192,34,23,9436,-67,32,-80,-43,-79
2020-03-18 00:00:00,12,374,44,418,232,42,32,11145,-68,32,-81,-46,-80
2020-03-19 00:00:00,12,426,45,471,270,44,38,11145,-69,33,-82,-46,-80
2020-03-20 00:00:00,12,537,47,584,328,53,43,13889,-68,34,-81,-45,-81
2020-03-21 00:00:00,12,591,70,661,425,54,50,13889,-61,26,-81,-53,-86
2020-03-22 00:00:00,12,671,79,750,522,58,53,17845,-62,24,-87,-76,-94
2020-03-23 00:00:00,12,718,96,814,600,63,63,18371,-71,33,-83,-47,-80
2020-03-24 00:00:00,12,747,94,841,704,103,80,18371,-72,34,-84,-49,-82
2020-03-25 00:00:00,12,805,101,906,769,131,95,20669,-73,35,-84,-50,-83
2020-03-26 00:00:00,12,878,113,991,844,155,106,22771,-74,37,-86,-55,-85
2020-03-27 00:00:00,12,992,126,1118,895,164,118,24106,-72,37,-84,-49,-83
2020-03-28 00:00:00,12,985,133,1118,1063,200,124,27179,-62,27,-82,-53,-86
2020-03-29 00:00:00,12,1062,133,1195,1167,208,136,27744,-62,24,-88,-76,-94
2020-03-30 00:00:00,12,1079,154,1233,1264,267,150,32846,-71,33,-83,-47,-80
2020-03-31 00:00:00,12,1127,173,1300,1342,291,162,34677,-72,34,-82,-43,-90
2020-04-01 00:00:00,12,1131,177,1308,1450,337,169,35810,-71,34,-82,-43,-90
2020-04-02 00:00:00,12,1169,181,1350,1529,369,185,41575,-72,35,-82,-42,-90
2020-04-03 00:00:00,12,1194,188,1382,1627,392,199,43776,-70,35,-82,-40,-85
2020-04-04 00:00:00,12,1236,193,1429,1677,439,212,44624,-60,26,-80,-47,-88
2020-04-05 00:00:00,12,1235,197,1432,1754,475,219,44658,-61,24,-87,-71,-94
2020-04-06 00:00:00,12,1235,197,1432,1868,502,229,47470,-69,32,-81,-40,-82
2020-04-07 00:00:00,12,1229,192,1421,1944,546,238,48874,-70,33,-81,-39,-81
2020-04-08 00:00:00,12,1241,196,1437,2011,574,244,55113,-69,33,-81,-37,-81
2020-04-09 00:00:00,12,1244,198,1442,2090,644,253,58107,-70,33,-81,-33,-80
2020-04-10 00:00:00,12,1236,201,1437,2196,687,263,61769,-70,34,-80,-30,-80
2020-04-11 00:00:00,12,1264,203,1467,2263,720,273,65241,-59,25,-78,-41,-85
2020-04-12 00:00:00,12,1268,201,1469,2348,749,279,68954,-67,25,-89,-95,-96
2020-04-13 00:00:00,12,1314,200,1514,2406,764,284,72746,-91,41,-92,-94,-96
2020-04-14 00:00:00,12,1344,199,1543,2479,789,300,74650,-69,33,-82,-45,-82
2020-04-15 00:00:00,12,1342,196,1538,2509,874,311,75584,-68,32,-79,-39,-80
2020-04-16 00:00:00,12,1347,197,1544,2600,920,316,81993,-68,33,-80,-38,-79
2020-04-17 00:00:00,12,1332,187,1519,2695,978,332,84755,-67,34,-80,-37,-80
2020-04-18 00:00:00,12,1376,186,1562,2720,1046,340,89553,-55,25,-78,-45,-84
2020-04-19 00:00:00,12,1370,185,1555,2766,1093,341,91807,-57,23,-86,-74,-93
2020-04-20 00:00:00,12,1388,185,1573,2792,1101,349,97823,-67,32,-82,-49,-80
2020-04-21 00:00:00,12,1380,184,1564,2838,1130,363,100031,-67,32,-80,-43,-79
2020-04-22 00:00:00,12,1384,187,1571,2892,1142,370,104062,-67,33,-82,-47,-82
2020-04-23 00:00:00,12,1385,186,1571,2915,1193,375,111073,-66,32,-79,-39,-79
2020-04-24 00:00:00,12,1396,184,1580,2912,1256,384,114317,-65,32,-77,-28,-76
2020-04-25 00:00:00,12,1421,183,1604,2957,1276,387,118354,-73,28,-84,-92,-94
2020-04-26 00:00:00,12,1442,161,1603,2970,1347,389,121677,-51,22,-81,-57,-89
2020-04-27 00:00:00,12,1464,143,1607,2955,1433,397,124769,-63,29,-76,-32,-72
2020-04-28 00:00:00,12,1468,132,1600,2962,1491,414,128664,-64,29,-78,-37,-76
2020-04-29 00:00:00,12,1445,130,1575,2960,1579,431,133503,-63,30,-77,-34,-76
2020-04-30 00:00:00,12,1417,115,1532,2936,1707,441,137596,-62,29,-75,-22,-72
2020-05-01 00:00:00,12,1372,105,1477,2969,1744,482,143804,-88,42,-89,-92,-94
2020-05-02 00:00:00,12,1370,96,1466,2986,1807,497,147078,-49,23,-72,-34,-77
2020-05-03 00:00:00,12,1346,95,1441,2944,1916,508,150912,-46,21,-80,-63,-89
2020-02-25 00:00:00,7,1,0,1,0,0,0,39,-16,6,-18,4,-8
2020-02-26 00:00:00,7,6,0,6,5,0,0,66,-16,6,-18,-4,-10
2020-02-27 00:00:00,7,9,0,9,10,0,0,78,-16,6,-18,-4,-9
2020-02-28 00:00:00,7,9,0,9,10,0,0,112,-14,4,-11,2,1
2020-02-29 00:00:00,7,4,1,5,33,4,0,121,-3,5,-21,-4,-16
2020-03-01 00:00:00,7,12,1,13,8,4,0,121,-9,6,-31,-8,-22
2020-03-02 00:00:00,7,12,1,13,5,4,0,121,-18,9,-30,-23,-26
2020-03-03 00:00:00,7,12,2,14,5,4,1,121,-12,4,-12,4,-1
2020-03-04 00:00:00,7,10,3,13,8,4,1,133,-12,4,-11,2,-3
2020-03-05 00:00:00,7,11,3,14,7,4,3,146,-15,8,-26,-10,-20
2020-03-06 00:00:00,7,12,5,17,7,5,3,229,-14,5,-15,5,-4
2020-03-07 00:00:00,7,26,6,32,10,5,4,331,-3,3,-10,3,-13
2020-03-08 00:00:00,7,39,11,50,17,5,6,401,-7,4,-18,4,-21
2020-03-09 00:00:00,7,60,17,77,20,5,7,611,-22,11,-38,-8,-31
2020-02-25 00:00:00,13,0,0,0,0,0,0,5,-15,3,-3,7,4
2020-02-26 00:00:00,13,0,0,0,0,0,0,13,-3,2,-11,1,-5
2020-02-27 00:00:00,13,1,0,1,0,0,0,33,0,2,-8,3,-3
2020-02-28 00:00:00,13,1,0,1,0,0,0,33,-1,2,-11,2,-3
2020-02-29 00:00:00,13,2,0,2,0,0,0,43,0,1,-7,2,-2
2020-03-01 00:00:00,13,3,0,3,2,0,0,52,-2,2,-11,4,-7
2020-03-02 00:00:00,13,3,0,3,2,0,0,52,1,1,-7,3,-3
2020-03-03 00:00:00,13,5,0,5,1,0,0,52,1,1,-10,1,-2
2020-03-04 00:00:00,13,7,0,7,0,0,0,85,0,1,-11,5,-2
2020-03-05 00:00:00,13,8,0,8,0,0,0,96,-15,5,-16,7,-4
2020-03-06 00:00:00,13,9,0,9,0,0,0,96,-16,6,-22,3,-9
2020-03-07 00:00:00,13,11,0,11,0,0,0,123,-17,8,-31,6,-18
2020-03-08 00:00:00,13,14,0,14,3,0,0,163,-9,7,-32,10,-27
2020-03-09 00:00:00,13,25,0,25,5,0,0,237,-22,9,-38,5,-23
2020-03-10 00:00:00,13,17,9,26,11,0,1,310,-31,15,-51,1,-41
2020-03-11 00:00:00,13,17,9,26,11,0,1,310,-38,18,-60,-18,-52
2020-03-12 00:00:00,13,47,12,59,19,4,2,867,-50,24,-67,-29,-70
2020-03-13 00:00:00,13,42,14,56,27,4,2,958,-56,28,-72,-32,-74
2020-03-14 00:00:00,13,51,14,65,41,4,2,1232,-61,27,-79,-42,-82
2020-03-15 00:00:00,13,72,28,100,28,6,3,1419,-58,23,-86,-60,-90
2020-03-16 00:00:00,13,71,37,108,57,7,4,1533,-58,26,-75,-38,-73
2020-03-17 00:00:00,13,94,32,126,90,7,6,1688,-60,27,-76,-43,-75
2020-03-18 00:00:00,13,99,41,140,109,7,7,2054,-61,28,-78,-44,-77
2020-03-19 00:00:00,13,181,47,228,138,8,11,2409,-63,29,-79,-46,-77
2020-03-20 00:00:00,13,190,48,238,184,10,17,2695,-63,32,-81,-42,-79
2020-03-21 00:00:00,13,185,44,229,265,13,22,3035,-65,28,-85,-49,-85
2020-03-22 00:00:00,13,218,49,267,272,15,33,3375,-64,25,-89,-82,-94
2020-03-23 00:00:00,13,228,52,280,325,20,38,3674,-67,30,-83,-44,-78
2020-03-24 00:00:00,13,234,57,291,331,21,46,4294,-71,33,-83,-55,-83
2020-03-25 00:00:00,13,248,59,307,431,23,52,4982,-71,33,-83,-53,-82
2020-03-26 00:00:00,13,280,64,344,516,23,63,5488,-72,34,-84,-58,-84
2020-03-27 00:00:00,13,289,71,360,565,24,68,6109,-71,35,-85,-46,-81
2020-03-28 00:00:00,13,311,70,381,646,30,76,7003,-67,30,-87,-53,-86
2020-03-29 00:00:00,13,329,68,397,772,36,88,7730,-63,24,-90,-84,-94
2020-03-30 00:00:00,13,322,69,391,778,74,102,7948,-68,30,-82,-46,-79
2020-03-31 00:00:00,13,335,73,408,783,95,115,8758,-70,32,-81,-43,-91
2020-04-01 00:00:00,13,342,71,413,798,102,123,9610,-69,31,-79,-39,-90
2020-04-02 00:00:00,13,341,75,416,835,113,133,10647,-68,32,-79,-39,-89
2020-04-03 00:00:00,13,361,76,437,864,116,146,11890,-68,33,-82,-35,-83
2020-04-04 00:00:00,13,354,71,425,931,119,153,12837,-65,29,-86,-43,-88
2020-04-05 00:00:00,13,347,67,414,1006,125,158,13598,-62,25,-89,-79,-95
2020-04-06 00:00:00,13,340,66,406,1019,127,169,14198,-65,29,-81,-35,-81
2020-04-07 00:00:00,13,337,67,404,1087,136,172,14904,-66,30,-80,-34,-80
2020-04-08 00:00:00,13,331,62,393,1141,146,179,15846,-66,29,-80,-32,-80
2020-04-09 00:00:00,13,306,57,363,1203,171,194,16847,-66,30,-79,-27,-79
2020-04-10 00:00:00,13,305,53,358,1277,181,198,18088,-68,32,-81,-22,-80
2020-04-11 00:00:00,13,315,54,369,1355,190,206,19441,-64,28,-84,-38,-85
2020-04-12 00:00:00,13,346,54,400,1342,206,212,20594,-67,25,-92,-94,-96
2020-04-13 00:00:00,13,351,54,405,1373,211,224,20667,-89,38,-93,-95,-95
2020-04-14 00:00:00,13,345,52,397,1403,213,232,20935,-66,30,-81,-46,-83
2020-04-15 00:00:00,13,341,44,385,1425,224,240,22500,-64,29,-77,-35,-79
2020-04-16 00:00:00,13,324,42,366,1484,253,243,23786,-63,29,-78,-37,-78
2020-04-17 00:00:00,13,319,43,362,1580,255,246,25436,-63,31,-79,-33,-78
2020-04-18 00:00:00,13,321,41,362,1609,263,253,27016,-58,26,-83,-47,-83
2020-04-19 00:00:00,13,317,40,357,1630,276,258,27791,-58,23,-89,-92,-94
2020-04-20 00:00:00,13,320,38,358,1704,287,263,27942,-61,28,-80,-46,-78
2020-04-21 00:00:00,13,318,35,353,1714,329,271,29906,-62,29,-80,-49,-80
2020-04-22 00:00:00,13,309,35,344,1764,349,276,30348,-62,29,-80,-50,-80
2020-04-23 00:00:00,13,322,31,353,1747,405,280,31187,-60,29,-77,-41,-76
2020-04-24 00:00:00,13,327,28,355,1724,438,286,32397,-59,28,-76,-25,-73
2020-04-25 00:00:00,13,323,26,349,1712,478,293,33624,-74,30,-88,-94,-94
2020-04-26 00:00:00,13,324,24,348,1720,496,295,33820,-55,23,-87,-90,-93
2020-04-27 00:00:00,13,328,23,351,1679,545,299,34176,-56,25,-73,-31,-69
2020-04-28 00:00:00,13,312,21,333,1657,599,310,35356,-57,24,-74,-39,-73
2020-04-29 00:00:00,13,309,19,328,1648,632,315,36614,-56,25,-73,-37,-73
2020-04-30 00:00:00,13,306,16,322,1593,695,320,37996,-55,24,-71,-23,-68
2020-05-01 00:00:00,13,297,16,313,1598,713,324,39385,-85,38,-88,-93,-91
2020-05-02 00:00:00,13,303,16,319,1560,758,327,39916,-53,24,-78,-35,-76
2020-05-03 00:00:00,13,300,16,316,1552,798,330,40699,-49,21,-83,-90,-90
2020-02-25 00:00:00,2,0,0,0,0,0,0,7,-18,2,27,23,23
2020-02-26 00:00:00,2,0,0,0,0,0,0,7,-17,6,-2,9,0
2020-02-27 00:00:00,2,0,0,0,0,0,0,9,-14,7,-1,3,2
2020-02-28 00:00:00,2,0,0,0,0,0,0,9,-13,4,9,18,21
2020-02-29 00:00:00,2,0,0,0,0,0,0,9,-1,2,3,7,-1
2020-03-01 00:00:00,2,0,0,0,0,0,0,10,-2,2,-2,11,-1
2020-03-02 00:00:00,2,0,0,0,0,0,0,11,-1,3,-10,2,-8
2020-03-03 00:00:00,2,0,0,0,0,0,0,12,0,0,-1,4,0
2020-03-04 00:00:00,2,0,0,0,0,0,0,15,-1,1,-2,4,3
2020-03-05 00:00:00,2,0,0,0,2,0,0,21,-15,9,-18,-3,-21
2020-03-06 00:00:00,2,0,0,0,7,0,0,28,-14,6,-9,9,-4
2020-03-07 00:00:00,2,1,0,1,7,0,0,32,-6,5,-7,7,-6
2020-03-08 00:00:00,2,1,0,1,8,0,0,41,-5,5,-23,13,-26
2020-03-09 00:00:00,2,4,0,4,11,0,0,67,-21,10,-32,4,-29
2020-03-10 00:00:00,2,2,0,2,15,0,0,89,-28,15,-51,-3,-51
2020-03-11 00:00:00,2,2,0,2,17,0,1,99,-35,17,-51,-24,-58
2020-03-12 00:00:00,2,7,0,7,19,0,1,118,-44,23,-58,-27,-74
2020-03-13 00:00:00,2,6,0,6,21,0,1,189,-51,27,-66,-33,-79
2020-03-14 00:00:00,2,12,0,12,29,0,1,231,-58,,-74,-54,-88
2020-03-15 00:00:00,2,10,3,13,43,0,1,230,-59,,-82,-68,-93
2020-03-16 00:00:00,2,28,5,33,70,0,2,287,-57,27,-70,-37,-80
2020-03-17 00:00:00,2,35,6,41,93,0,2,398,-60,27,-68,-43,-81
2020-03-18 00:00:00,2,41,3,44,118,0,3,486,-61,28,-71,-47,-83
2020-03-19 00:00:00,2,47,9,56,153,0,6,608,-63,30,-72,-47,-83
2020-03-20 00:00:00,2,54,9,63,194,0,7,814,-64,33,-76,-45,-86
2020-03-21 00:00:00,2,62,15,77,227,1,8,884,-63,,-82,-59,-91
2020-03-22 00:00:00,2,63,21,84,270,1,9,950,-67,,-88,-87,-95
2020-03-23 00:00:00,2,69,20,89,290,2,12,1098,-67,31,-79,-47,-86
2020-03-24 00:00:00,2,71,20,91,288,2,19,1180,-68,32,-78,-50,-87
2020-03-25 00:00:00,2,70,25,95,280,2,24,1200,-69,33,-79,-54,-87
2020-03-26 00:00:00,2,73,24,97,281,2,28,1203,-71,35,-80,-53,-88
2020-03-27 00:00:00,2,91,24,115,298,2,37,1252,-69,36,-81,-51,-88
2020-03-28 00:00:00,2,90,26,116,352,2,41,1380,-65,,-83,-62,-92
2020-03-29 00:00:00,2,90,26,116,423,2,43,1480,-67,,-86,-88,-95
2020-03-30 00:00:00,2,92,26,118,400,16,50,1536,-68,31,-78,-49,-87
2020-03-31 00:00:00,2,91,26,117,435,20,56,1582,-68,32,-78,-48,-95
2020-04-01 00:00:00,2,85,27,112,428,32,59,1717,-67,32,-76,-46,-95
2020-04-02 00:00:00,2,85,25,110,446,49,63,1934,-68,33,-75,-45,-95
2020-04-03 00:00:00,2,85,25,110,450,89,70,2106,-68,34,-77,-45,-90
2020-04-04 00:00:00,2,63,23,86,474,106,82,2274,-63,,-82,-57,-93
2020-04-05 00:00:00,2,96,23,119,457,115,91,2390,-64,,-86,-87,-96
2020-04-06 00:00:00,2,109,21,130,437,142,96,2590,-65,30,-77,-42,-87
2020-04-07 00:00:00,2,118,17,135,458,142,100,2754,-66,31,-75,-42,-88
2020-04-08 00:00:00,2,120,20,140,466,142,102,2953,-64,30,-72,-44,-88
2020-04-09 00:00:00,2,118,18,136,473,154,105,3142,-66,32,-74,-39,-87
2020-04-10 00:00:00,2,131,16,147,455,170,107,3328,-66,34,-74,-37,-88
2020-04-11 00:00:00,2,118,17,135,455,205,107,3464,-61,,-81,-49,-91
2020-04-12 00:00:00,2,109,16,125,463,221,112,3510,-65,,-86,-92,-96
2020-04-13 00:00:00,2,109,15,124,458,230,115,3614,-85,,-86,-84,-95
2020-04-14 00:00:00,2,112,14,126,433,270,118,3726,-62,29,-72,-42,-86
2020-04-15 00:00:00,2,112,11,123,425,289,121,3894,-62,29,-71,-41,-86
2020-04-16 00:00:00,2,105,12,117,401,331,122,4159,-61,30,-72,-41,-86
2020-04-17 00:00:00,2,108,9,117,374,379,123,4366,-61,32,-73,-40,-86
2020-04-18 00:00:00,2,107,10,117,432,400,124,4521,-58,,-80,-56,-91
2020-04-19 00:00:00,2,102,10,112,450,401,125,4677,-63,,-87,-86,-95
2020-04-20 00:00:00,2,102,8,110,438,413,127,4799,-60,28,-72,-47,-84
2020-04-21 00:00:00,2,99,8,107,415,445,126,4911,-60,30,-74,-48,-86
2020-04-22 00:00:00,2,92,8,100,401,467,127,5024,-58,27,-67,-47,-85
2020-04-23 00:00:00,2,91,9,100,363,506,127,5227,-60,29,-69,-44,-85
2020-04-24 00:00:00,2,88,7,95,259,617,129,5262,-59,30,-69,-42,-84
2020-04-25 00:00:00,2,83,6,89,224,657,130,5966,-62,,-81,-66,-93
2020-04-26 00:00:00,2,82,7,89,165,721,131,6135,-59,,-84,-83,-95
2020-04-27 00:00:00,2,86,7,93,142,743,133,6551,-57,26,-66,-41,-81
2020-04-28 00:00:00,2,81,5,86,123,775,135,6897,-58,26,-71,-44,-84
2020-04-29 00:00:00,2,78,5,83,52,852,137,7181,-56,26,-63,-43,-83
2020-04-30 00:00:00,2,76,4,80,9,902,137,7631,-58,28,-70,-36,-82
2020-05-01 00:00:00,2,72,3,75,17,904,137,7769,-81,,-84,-75,-93
2020-05-02 00:00:00,2,70,3,73,25,901,137,7951,-55,,-79,-51,-89
2020-05-03 00:00:00,2,74,2,76,33,895,138,8100,-55,,-82,-81,-94
2020-02-25 00:00:00,16,0,0,0,0,0,0,0,-15,2,-2,4,2
2020-02-26 00:00:00,16,0,0,0,0,0,0,0,-5,2,-10,0,-7
2020-02-27 00:00:00,16,1,0,1,0,0,0,0,-4,3,-13,2,-8
2020-02-28 00:00:00,16,1,0,1,2,0,0,242,-3,3,-16,-1,-9
2020-02-29 00:00:00,16,1,0,1,2,0,0,252,-2,2,-10,2,-4
2020-03-01 00:00:00,16,1,0,1,2,0,0,262,-3,2,-11,1,-5
2020-03-02 00:00:00,16,2,0,2,2,0,0,278,0,1,-9,3,-3
2020-03-03 00:00:00,16,2,0,2,4,0,0,298,-1,2,-10,0,-4
2020-03-04 00:00:00,16,4,0,4,3,1,1,322,0,1,-11,5,-3
2020-03-05 00:00:00,16,5,1,6,6,1,1,359,-16,5,-21,6,-5
2020-03-06 00:00:00,16,5,1,6,9,1,1,395,-17,7,-29,2,-13
2020-03-07 00:00:00,16,9,2,11,12,1,2,395,-18,8,-34,4,-22
2020-03-08 00:00:00,16,17,3,20,16,1,3,627,-11,8,-36,3,-32
2020-03-09 00:00:00,16,20,6,26,20,1,3,685,-23,9,-39,4,-24
2020-03-10 00:00:00,16,28,6,34,21,1,3,747,-31,14,-50,1,-41
2020-03-11 00:00:00,16,38,4,42,29,1,5,909,-36,16,-58,-15,-50
2020-03-12 00:00:00,16,58,2,60,38,1,5,1269,-47,21,-67,-26,-66
2020-03-13 00:00:00,16,77,2,79,42,3,5,1449,-52,24,-72,-31,-70
2020-03-14 00:00:00,16,91,6,97,59,2,8,1681,-56,24,-76,-38,-78
2020-03-15 00:00:00,16,116,6,122,90,2,16,2017,-58,23,-82,-62,-90
2020-03-16 00:00:00,16,116,6,122,90,2,16,2017,-56,24,-78,-38,-72
2020-03-17 00:00:00,16,155,14,169,151,2,18,3077,-59,26,-78,-44,-75
2020-03-18 00:00:00,16,156,30,186,176,2,19,3433,-60,26,-79,-44,-75
2020-03-19 00:00:00,16,173,31,204,245,4,25,4046,-61,27,-80,-46,-76
2020-03-20 00:00:00,16,191,31,222,329,4,26,4789,-61,28,-80,-42,-76
2020-03-21 00:00:00,16,209,33,242,400,4,29,5617,-61,27,-82,-47,-81
2020-03-22 00:00:00,16,252,37,289,459,7,31,6160,-65,25,-87,-87,-94
2020-03-23 00:00:00,16,285,45,330,532,7,37,6761,-65,28,-83,-46,-77
2020-03-24 00:00:00,16,317,57,374,566,21,44,7345,-67,29,-82,-50,-79
2020-03-25 00:00:00,16,349,64,413,610,22,48,8223,-67,30,-83,-52,-80
2020-03-26 00:00:00,16,480,76,556,539,22,65,9191,-69,31,-84,-55,-82
2020-03-27 00:00:00,16,530,82,612,624,29,69,10233,-67,31,-83,-44,-78
2020-03-28 00:00:00,16,563,98,661,697,29,71,11500,-64,28,-84,-48,-82
2020-03-29 00:00:00,16,559,99,658,774,31,86,12361,-64,25,-88,-85,-94
2020-03-30 00:00:00,16,590,106,696,889,36,91,13117,-65,27,-82,-47,-78
2020-03-31 00:00:00,16,609,105,714,940,39,110,14073,-66,28,-80,-44,-90
2020-04-01 00:00:00,16,637,107,744,1012,61,129,15209,-67,29,-81,-45,-90
2020-04-02 00:00:00,16,645,118,763,1101,69,144,16554,-66,29,-80,-41,-89
2020-04-03 00:00:00,16,648,123,771,1178,69,164,17924,-65,30,-82,-38,-82
2020-04-04 00:00:00,16,627,153,780,1193,94,173,18977,-62,27,-82,-43,-85
2020-04-05 00:00:00,16,574,159,733,1289,113,182,20080,-63,25,-88,-81,-94
2020-04-06 00:00:00,16,625,97,722,1393,134,195,22059,-63,27,-81,-43,-81
2020-04-07 00:00:00,16,615,93,708,1429,168,209,23149,-64,27,-80,-40,-79
2020-04-08 00:00:00,16,639,90,729,1509,177,219,24493,-64,27,-80,-38,-79
2020-04-09 00:00:00,16,630,86,716,1585,190,225,26088,-64,27,-80,-34,-78
2020-04-10 00:00:00,16,631,80,711,1625,235,238,27812,-64,28,-81,-28,-77
2020-04-11 00:00:00,16,627,73,700,1702,249,253,29463,-61,26,-81,-40,-82
2020-04-12 00:00:00,16,609,71,680,1772,277,260,30973,-68,26,-90,-92,-96
2020-04-13 00:00:00,16,600,71,671,1841,286,267,31922,-88,36,-93,-95,-95
2020-04-14 00:00:00,16,611,62,673,1879,288,278,33071,-63,27,-80,-44,-80
2020-04-15 00:00:00,16,592,73,665,1908,323,288,34518,-62,27,-79,-40,-78
2020-04-16 00:00:00,16,603,58,661,1964,334,299,36158,-61,27,-79,-39,-77
2020-04-17 00:00:00,16,590,62,652,2004,364,307,38278,-60,27,-80,-35,-76
2020-04-18 00:00:00,16,594,60,654,2040,401,314,40423,-57,25,-80,-43,-81
2020-04-19 00:00:00,16,590,60,650,2136,427,316,42598,-58,23,-87,-81,-93
2020-04-20 00:00:00,16,584,66,650,2160,431,326,44189,-59,26,-80,-47,-76
2020-04-16 00:00:00,20,109,24,133,732,214,85,12796,-58,26,-70,-39,-78
2020-04-17 00:00:00,20,113,23,136,736,220,86,13304,-57,26,-70,-35,-78
2020-04-18 00:00:00,20,112,23,135,746,231,86,14087,-54,24,-73,-46,-84
2020-04-19 00:00:00,20,117,22,139,725,265,86,14859,-52,22,-82,-93,-94
2020-04-20 00:00:00,20,115,21,136,718,288,86,15328,-58,25,-74,-51,-80
2020-04-21 00:00:00,20,112,21,133,704,306,93,15886,-58,25,-73,-47,-80
2020-04-22 00:00:00,20,97,20,117,716,318,96,16886,-57,25,-71,-48,-80
2020-04-23 00:00:00,20,90,20,110,707,339,98,17844,-56,25,-70,-43,-78
2020-04-24 00:00:00,20,95,19,114,690,351,102,19889,-55,24,-67,-26,-75
2020-04-25 00:00:00,20,96,18,114,680,374,103,20351,-69,27,-82,-94,-94
2020-04-26 00:00:00,20,95,20,115,668,388,109,21101,-49,21,-80,-92,-93
2020-04-27 00:00:00,20,97,19,116,660,398,109,21395,-54,22,-67,-33,-72
2020-04-28 00:00:00,20,96,18,114,658,404,109,22116,-54,21,-68,-38,-75
2020-04-29 00:00:00,20,87,17,104,657,413,116,23299,-53,22,-66,-39,-75
2020-04-30 00:00:00,20,87,16,103,641,435,116,24754,-53,22,-65,-26,-72
2020-05-01 00:00:00,20,84,12,96,648,452,117,26242,-80,33,-84,-93,-94
2020-05-02 00:00:00,20,86,13,99,631,466,119,26990,-50,21,-69,-34,-79
2020-05-03 00:00:00,20,92,10,102,587,511,119,27737,-43,20,-77,-90,-93
2020-02-25 00:00:00,19,1,0,1,2,0,0,5,-12,3,-9,8,-1
2020-02-26 00:00:00,19,1,0,1,2,0,0,5,-12,4,-17,-3,-11
2020-02-27 00:00:00,19,1,0,1,1,2,0,5,-8,4,-16,-1,-8
2020-02-28 00:00:00,19,1,0,1,1,2,0,5,-8,4,-19,-2,-8
2020-02-29 00:00:00,19,1,0,1,1,2,0,6,-4,2,-13,-2,-7
2020-03-01 00:00:00,19,1,0,1,6,2,0,291,-2,1,-11,-1,-4
2020-03-02 00:00:00,19,2,0,2,3,2,0,307,-5,2,-13,0,-4
2020-03-03 00:00:00,19,2,0,2,3,2,0,307,0,2,-12,-3,-7
2020-03-04 00:00:00,19,5,0,5,11,2,0,367,-2,2,-13,-1,-8
2020-03-06 00:00:00,22,4,0,4,6,0,0,122,-13,7,-21,-2,-11
2020-03-07 00:00:00,22,6,1,7,7,0,0,194,-8,4,-9,2,-9
2020-03-08 00:00:00,22,7,2,9,14,0,0,228,-8,3,-8,4,-14
2020-03-09 00:00:00,22,10,2,12,21,0,0,267,-18,9,-34,-2,-28
2020-03-10 00:00:00,22,19,3,22,28,2,0,399,-25,13,-41,2,-45
2020-03-11 00:00:00,22,28,4,32,42,3,0,527,-32,16,-47,-16,-55
2020-03-12 00:00:00,22,43,5,48,54,4,1,593,-41,22,-62,-24,-75
2020-03-13 00:00:00,22,58,6,64,93,4,2,846,-49,27,-69,-35,-81
2020-03-14 00:00:00,22,68,12,80,119,5,2,1006,-57,26,-80,-54,-90
2020-03-15 00:00:00,22,73,19,92,275,5,6,1006,-58,23,-80,-72,-92
2020-03-16 00:00:00,22,73,19,92,275,5,6,1006,-58,28,-73,-44,-82
2020-03-17 00:00:00,22,107,22,129,239,10,7,1727,-61,29,-73,-48,-84
2020-03-18 00:00:00,22,141,22,163,273,12,7,2187,-62,30,-74,-51,-85
2020-03-19 00:00:00,22,169,30,199,292,20,12,2203,-63,32,-77,-51,-86
2020-03-20 00:00:00,22,198,34,232,368,29,13,2656,-63,33,-78,-49,-86
2020-03-21 00:00:00,22,233,39,272,448,34,28,2656,-61,26,-80,-60,-90
2020-03-22 00:00:00,22,235,46,281,604,34,35,3050,-65,25,-87,-95,-96
2020-03-23 00:00:00,22,249,46,295,619,68,41,3150,-67,32,-79,-53,-86
2020-03-24 00:00:00,22,308,49,357,618,79,56,3712,-68,33,-77,-55,-87
2020-03-25 00:00:00,22,308,65,373,685,90,74,4114,-69,34,-80,-56,-88
2020-03-26 00:00:00,22,300,66,366,728,117,86,4600,-71,36,-80,-58,-89
2020-03-27 00:00:00,22,341,66,407,757,125,102,4923,-70,37,-81,-54,-88
2020-03-28 00:00:00,22,351,72,423,811,151,120,5561,-63,27,-81,-61,-91
2020-03-29 00:00:00,22,356,75,431,862,172,129,5950,-65,25,-86,-94,-96
2020-03-30 00:00:00,22,353,78,431,926,178,147,6377,-69,33,-82,-58,-87
2020-03-31 00:00:00,22,354,80,434,955,193,164,6973,-69,33,-79,-53,-86
2020-04-01 00:00:00,22,345,76,421,1062,214,173,7675,-68,33,-78,-54,-86
2020-04-02 00:00:00,22,339,78,417,1170,229,187,8496,-68,34,-79,-54,-86
2020-04-03 00:00:00,22,343,80,423,1236,246,204,8993,-67,35,-79,-50,-86
2020-04-04 00:00:00,22,353,81,434,1319,257,210,9863,-61,26,-81,-58,-90
2020-04-05 00:00:00,22,352,80,432,1363,273,217,10476,-64,25,-85,-93,-95
2020-04-06 00:00:00,22,354,79,433,1405,280,230,11130,-65,31,-77,-51,-84
2020-04-07 00:00:00,22,360,78,438,1452,342,244,12030,-66,31,-76,-49,-84
2020-04-08 00:00:00,22,354,77,431,1509,407,255,13258,-65,31,-76,-49,-84
2020-04-09 00:00:00,22,345,69,414,1564,462,268,14338,-66,32,-76,-45,-84
2020-04-10 00:00:00,22,335,70,405,1589,547,275,14981,-67,34,-78,-40,-84
2020-04-11 00:00:00,22,335,62,397,1667,622,284,16646,-59,25,-80,-53,-88
2020-04-12 00:00:00,22,322,61,383,1699,678,293,17797,-65,25,-87,-94,-96
2020-04-13 00:00:00,22,326,56,382,1698,746,300,18586,-89,40,-87,-95,-95
2020-04-14 00:00:00,22,325,54,379,1703,749,310,18774,-62,29,-75,-46,-82
2020-04-15 00:00:00,22,312,48,360,1744,798,318,19535,-61,29,-73,-46,-81
2020-04-16 00:00:00,22,296,43,339,1748,885,322,20773,-60,30,-74,-45,-81
2020-04-17 00:00:00,22,286,44,330,1660,1044,342,21921,-60,31,-74,-44,-81
2020-04-18 00:00:00,22,276,42,318,1667,1098,348,23147,-55,23,-76,-51,-86
2020-04-19 00:00:00,22,278,41,319,1652,1201,360,24388,-59,22,-81,-90,-93
2020-04-20 00:00:00,22,272,40,312,1617,1295,366,26211,-57,27,-74,-49,-80
2020-04-21 00:00:00,22,254,38,292,1617,1329,376,26610,-57,27,-70,-46,-78
2020-04-22 00:00:00,22,245,34,279,1595,1391,381,26674,-56,26,-70,-45,-78
2020-04-23 00:00:00,22,234,29,263,1608,1474,382,28240,-56,27,-70,-42,-77
2020-04-24 00:00:00,22,224,28,252,1575,1560,389,29779,-55,27,-71,-29,-76
2020-04-25 00:00:00,22,202,27,229,1515,1694,400,30661,-65,24,-79,-90,-91
2020-04-26 00:00:00,22,199,24,223,1459,1807,405,32142,-56,21,-78,-88,-90
2020-04-27 00:00:00,22,201,23,224,1483,1881,407,33152,-53,24,-69,-33,-73
2020-04-28 00:00:00,22,182,22,204,1361,2048,412,33839,-53,24,-69,-39,-75
2020-04-29 00:00:00,22,165,22,187,1276,2190,416,35008,-53,25,-68,-39,-75
2020-04-30 00:00:00,22,158,21,179,1191,2328,418,36534,-53,25,-65,-25,-72
2020-05-01 00:00:00,22,146,19,165,1128,2416,423,37838,-84,37,-73,-87,-88
2020-05-02 00:00:00,22,138,19,157,1125,2474,425,39579,-48,19,-62,-35,-76
2020-05-03 00:00:00,22,136,17,153,1094,2571,429,41095,-49,17,-58,-81,-82
2020-02-25 00:00:00,9,2,0,2,0,0,0,296,-1,1,-6,12,0
2020-02-26 00:00:00,9,2,0,2,0,0,0,363,-2,3,-15,-5,-11
2020-02-27 00:00:00,9,2,0,2,0,0,0,410,-1,3,-13,-7,-10
2020-02-28 00:00:00,9,5,0,5,2,1,0,437,0,1,-8,-1,-2
2020-02-29 00:00:00,9,7,0,7,3,1,0,531,1,1,-7,-2,-5
2020-03-01 00:00:00,9,7,0,7,5,1,0,572,-4,6,-30,-11,-22
2020-03-02 00:00:00,9,7,0,7,5,1,0,613,0,3,-14,-6,-11
2020-03-03 00:00:00,9,10,0,10,8,1,0,697,0,2,-14,-3,-7
2020-03-04 00:00:00,9,15,2,17,20,1,0,776,0,1,-11,1,-4
2020-03-05 00:00:00,9,26,3,29,31,1,0,776,-13,7,-26,-1,-14
2020-03-06 00:00:00,9,35,5,40,38,1,0,1097,-14,7,-26,1,-13
2020-03-07 00:00:00,9,54,7,61,51,1,0,1331,-14,6,-23,2,-18
2020-03-08 00:00:00,9,91,7,98,67,1,0,1618,-8,5,-21,-3,-23
2020-03-09 00:00:00,9,107,9,116,90,1,1,2018,-19,10,-38,-1,-28
2020-03-10 00:00:00,9,91,40,131,129,3,1,2573,-27,15,-45,-4,-42
2020-03-11 00:00:00,9,87,54,141,173,5,1,2804,-34,18,-52,-17,-51
2020-03-12 00:00:00,9,100,59,159,193,7,5,3165,-44,25,-64,-24,-70
2020-03-13 00:00:00,9,134,77,211,244,10,5,4049,-50,28,-66,-28,-74
2020-03-14 00:00:00,9,160,87,247,367,10,6,4595,-57,25,-72,-45,-84
2020-03-15 00:00:00,9,175,107,282,481,10,8,5132,-54,23,-78,-64,-90
2020-03-16 00:00:00,9,175,107,282,559,11,14,5910,-53,26,-69,-37,-73
2020-03-17 00:00:00,9,329,143,472,552,12,17,6727,-57,28,-71,-42,-76
2020-03-18 00:00:00,9,427,160,587,704,17,22,7606,-57,29,-72,-44,-77
2020-03-19 00:00:00,9,501,178,679,743,22,38,8873,-59,31,-74,-44,-78
2020-03-20 00:00:00,9,601,189,790,923,33,47,10405,-59,32,-74,-42,-79
2020-03-21 00:00:00,9,664,202,866,1039,35,72,11909,-61,27,-78,-53,-86
2020-03-22 00:00:00,9,706,215,921,1223,42,91,13264,-61,25,-85,-84,-94
2020-03-23 00:00:00,9,838,238,1076,1225,51,109,13851,-65,32,-77,-46,-78
2020-03-24 00:00:00,9,918,244,1162,1357,51,129,15701,-66,33,-77,-48,-80
2020-03-25 00:00:00,9,999,251,1250,1526,54,142,17868,-68,34,-79,-52,-82
2020-03-26 00:00:00,9,1037,259,1296,1677,95,158,20952,-71,37,-81,-53,-84
2020-03-27 00:00:00,9,1053,274,1327,1843,103,177,23746,-70,37,-80,-48,-82
2020-03-28 00:00:00,9,1093,277,1370,2141,108,198,25613,-65,28,-79,-55,-87
2020-03-29 00:00:00,9,1111,275,1386,2400,121,215,27579,-62,25,-85,-84,-94
2020-03-30 00:00:00,9,1116,279,1395,2655,131,231,30099,-67,32,-77,-47,-79
2020-03-31 00:00:00,9,1120,293,1413,2813,138,244,33165,-69,34,-76,-44,-90
2020-04-01 00:00:00,9,1120,297,1417,3015,182,253,36575,-68,34,-74,-41,-90
2020-04-02 00:00:00,9,1135,295,1430,3359,216,268,40724,-68,35,-74,-41,-89
2020-04-03 00:00:00,9,1149,288,1437,3472,300,290,44460,-68,35,-76,-40,-84
2020-04-04 00:00:00,9,1129,286,1415,3639,310,307,47886,-63,28,-77,-49,-89
2020-04-05 00:00:00,9,1111,276,1387,3798,337,325,51006,-61,25,-84,-81,-95
2020-04-06 00:00:00,9,1116,279,1395,3906,350,350,52849,-65,31,-74,-39,-81
2020-04-07 00:00:00,9,1087,263,1350,4077,377,369,56651,-66,32,-74,-40,-81
2020-04-08 00:00:00,9,1066,260,1326,4231,430,392,60985,-65,32,-74,-39,-81
2020-04-09 00:00:00,9,1038,256,1294,4409,441,408,65461,-66,33,-73,-33,-80
2020-04-10 00:00:00,9,1011,256,1267,4555,451,454,72001,-66,34,-73,-29,-80
2020-04-11 00:00:00,9,997,237,1234,4758,499,467,75756,-62,27,-75,-44,-85
2020-04-12 00:00:00,9,983,238,1221,4941,578,495,78640,-66,26,-87,-95,-96
2020-04-13 00:00:00,9,992,225,1217,5040,615,518,80889,-91,41,-89,-95,-96
2020-04-14 00:00:00,9,1002,225,1227,5125,637,538,82269,-64,31,-73,-39,-79
2020-04-15 00:00:00,9,977,216,1193,5224,693,556,86348,-63,32,-72,-39,-79
2020-04-16 00:00:00,9,940,213,1153,5460,745,585,91651,-63,32,-72,-39,-78
2020-04-17 00:00:00,9,898,207,1105,5478,925,602,96231,-62,33,-72,-37,-78
2020-04-18 00:00:00,9,883,198,1081,5389,1149,618,99903,-57,26,-74,-50,-84
2020-04-19 00:00:00,9,852,192,1044,5452,1239,637,103975,-56,24,-83,-81,-93
2020-04-20 00:00:00,9,850,182,1032,5536,1272,667,105857,-61,30,-76,-45,-78
2020-04-21 00:00:00,9,833,171,1004,5618,1295,686,109925,-61,31,-74,-42,-79
2020-04-22 00:00:00,9,820,174,994,5173,1828,705,114100,-60,31,-73,-41,-78
2020-04-23 00:00:00,9,791,168,959,5212,1886,723,118177,-59,31,-70,-37,-77
2020-04-24 00:00:00,9,738,159,897,5236,2002,742,121336,-59,30,-69,-27,-74
2020-04-25 00:00:00,9,687,166,853,5293,2109,760,125495,-74,30,-81,-94,-94
2020-04-26 00:00:00,9,677,158,835,5234,2300,778,127394,-48,22,-78,-61,-90
2020-04-27 00:00:00,9,671,154,825,5158,2401,795,129048,-55,27,-68,-31,-70
2020-04-28 00:00:00,9,619,144,763,5133,2524,811,133617,-58,28,-71,-39,-76
2020-04-29 00:00:00,9,576,139,715,4948,2802,827,137482,-56,29,-69,-35,-74
2020-04-30 00:00:00,9,546,126,672,4912,2926,842,141849,-55,28,-67,-25,-70
2020-05-01 00:00:00,9,520,124,644,4729,3218,854,146456,-87,41,-80,-91,-91
2020-05-02 00:00:00,9,519,118,637,4728,3297,863,148223,-51,23,-63,-36,-75
2020-05-03 00:00:00,9,513,112,625,4703,3363,872,150914,-41,20,-65,-62,-83
2020-02-25 00:00:00,10,0,0,0,0,0,0,8,1,1,1,9,0
2020-02-26 00:00:00,10,0,0,0,0,0,0,8,0,2,-6,-1,-8
2020-02-27 00:00:00,10,0,0,0,0,0,0,8,0,2,-5,0,-5
2020-02-28 00:00:00,10,0,0,0,0,0,0,8,1,0,-1,1,-2
2020-02-29 00:00:00,10,0,0,0,0,0,0,31,1,1,0,2,-3
2020-03-01 00:00:00,10,0,0,0,2,0,0,35,-4,4,-11,-1,-17
2020-03-02 00:00:00,10,0,0,0,2,0,0,35,1,2,-9,-3,-10
2020-03-03 00:00:00,10,1,1,2,6,0,0,45,2,2,-8,0,-6
2020-03-04 00:00:00,10,1,1,2,7,0,0,58,2,2,-4,4,-6
2020-03-05 00:00:00,10,1,1,2,7,0,0,88,-13,6,-14,4,-9
2020-03-06 00:00:00,10,2,2,4,12,0,0,110,-13,7,-19,2,-15
2020-03-07 00:00:00,10,2,2,4,20,0,0,134,-14,7,-17,6,-19
2020-03-08 00:00:00,10,2,2,4,22,0,0,168,-7,6,-6,8,-27
2020-03-09 00:00:00,10,4,2,6,22,0,0,183,-18,9,-25,0,-24
2020-03-10 00:00:00,10,8,2,10,27,0,0,260,-25,14,-36,2,-40
2020-03-11 00:00:00,10,7,5,12,32,2,0,340,-31,17,-40,-16,-50
2020-03-12 00:00:00,10,8,8,16,46,2,0,458,-42,23,-56,-23,-68
2020-03-13 00:00:00,10,11,10,21,52,2,1,576,-47,26,-59,-28,-74
2020-03-14 00:00:00,10,21,11,32,71,3,1,748,-55,25,-68,-41,-83
2020-03-15 00:00:00,10,25,13,38,101,3,1,965,-52,23,-73,-64,-91
2020-03-16 00:00:00,10,30,15,45,114,4,1,1093,-53,26,-65,-38,-74
2020-03-17 00:00:00,10,36,21,57,135,4,1,1323,-56,28,-65,-44,-76
2020-03-18 00:00:00,10,54,21,75,166,4,2,1601,-56,29,-66,-45,-78
2020-03-19 00:00:00,10,69,21,90,238,4,2,1954,-58,30,-68,-46,-79
2020-03-20 00:00:00,10,75,24,99,285,4,7,2303,-58,30,-69,-42,-79
2020-03-21 00:00:00,10,92,29,121,326,5,10,2712,-60,27,-74,-50,-86
2020-03-22 00:00:00,10,97,35,132,368,5,16,3135,-60,25,-81,-91,-95
2020-03-23 00:00:00,10,106,42,148,408,5,16,3561,-64,31,-74,-46,-79
2020-03-24 00:00:00,10,105,43,148,476,5,19,4108,-66,32,-74,-51,-81
2020-03-25 00:00:00,10,123,44,167,519,5,19,4707,-66,33,-73,-53,-82
2020-03-26 00:00:00,10,144,46,190,580,12,20,5428,-68,35,-75,-52,-82
2020-03-27 00:00:00,10,149,46,195,629,39,21,6137,-67,35,-75,-47,-82
2020-03-28 00:00:00,10,159,44,203,695,43,28,7028,-63,29,-76,-53,-87
2020-03-29 00:00:00,10,166,46,212,685,95,31,7685,-61,25,-81,-89,-95
2020-03-30 00:00:00,10,173,47,220,614,184,33,8150,-64,31,-72,-48,-79
2020-03-31 00:00:00,10,176,43,219,632,190,37,8685,-66,32,-71,-43,-91
2020-04-01 00:00:00,10,173,45,218,646,194,37,9080,-65,32,-68,-41,-90
2020-04-02 00:00:00,10,171,47,218,667,205,38,9737,-65,33,-67,-41,-90
2020-04-03 00:00:00,10,165,48,213,707,220,39,10614,-64,33,-70,-38,-84
2020-04-04 00:00:00,10,167,44,211,716,242,41,11809,-60,28,-74,-44,-89
2020-04-05 00:00:00,10,159,45,204,694,298,43,12448,-59,25,-80,-86,-95
2020-04-06 00:00:00,10,159,46,205,667,337,44,12573,-60,30,-69,-38,-81
2020-04-07 00:00:00,10,157,41,198,648,368,49,13274,-62,30,-68,-36,-80
2020-04-08 00:00:00,10,155,41,196,627,416,50,14105,-61,30,-67,-36,-81
2020-04-09 00:00:00,10,154,38,192,600,455,51,15170,-61,31,-67,-30,-80
2020-04-10 00:00:00,10,146,39,185,567,498,52,16325,-63,32,-67,-24,-80
2020-04-11 00:00:00,10,137,39,176,547,534,52,17661,-60,27,-71,-39,-86
2020-04-12 00:00:00,10,129,39,168,519,580,52,18672,-65,26,-83,-94,-96
2020-04-13 00:00:00,10,127,38,165,460,643,52,18740,-89,41,-85,-95,-96
2020-04-14 00:00:00,10,127,37,164,458,646,53,18956,-59,29,-68,-39,-80
2020-04-15 00:00:00,10,122,37,159,423,686,54,20258,-58,29,-66,-38,-80
2020-04-16 00:00:00,10,116,33,149,387,738,55,21487,-58,30,-66,-39,-78
2020-04-17 00:00:00,10,111,31,142,352,786,57,22818,-57,30,-67,-35,-78
2020-04-18 00:00:00,10,109,32,141,290,856,57,24106,-54,26,-70,-44,-84
2020-04-19 00:00:00,10,108,30,138,298,854,58,25170,-53,24,-78,-85,-94
2020-04-20 00:00:00,10,113,29,142,282,867,58,25562,-55,28,-72,-46,-77
2020-04-21 00:00:00,10,107,22,129,278,886,60,26639,-56,29,-69,-43,-78
2020-04-22 00:00:00,10,97,20,117,254,925,61,27655,-55,29,-69,-45,-79
2020-04-23 00:00:00,10,100,19,119,236,946,61,29011,-54,28,-66,-38,-77
2020-04-24 00:00:00,10,94,19,113,209,979,62,30524,-54,27,-64,-22,-73
2020-04-25 00:00:00,10,95,18,113,184,1006,63,31939,-72,30,-79,-94,-95
2020-04-26 00:00:00,10,91,17,108,188,1008,64,32569,-50,23,-75,-91,-94
2020-04-27 00:00:00,10,90,16,106,181,1018,65,32823,-50,25,-62,-30,-70
2020-04-28 00:00:00,10,80,17,97,178,1039,65,33881,-52,26,-65,-38,-75
2020-04-29 00:00:00,10,77,16,93,168,1064,66,34937,-51,27,-64,-36,-74
2020-04-30 00:00:00,10,68,16,84,149,1092,67,36459,-51,25,-60,-22,-70
2020-05-01 00:00:00,10,60,13,73,131,1121,68,37762,-86,40,-81,-94,-94
2020-05-02 00:00:00,10,60,13,73,123,1130,68,38072,-50,24,-67,-34,-78
2020-05-03 00:00:00,10,58,13,71,112,1143,68,38823,-43,22,-72,-80,-91
2020-02-25 00:00:00,5,12,7,19,23,0,1,3780,-19,7,-26,3,-11
2020-02-26 00:00:00,5,16,8,24,45,0,2,4900,-17,7,-29,-7,-15
2020-02-27 00:00:00,5,19,8,27,82,0,2,6164,-15,7,-29,-5,-11
2020-02-28 00:00:00,5,24,9,33,116,0,2,7414,-15,7,-28,-4,-10
2020-02-29 00:00:00,5,24,11,35,154,0,2,8659,-16,5,-26,-1,-13
2020-03-01 00:00:00,5,51,13,64,197,0,2,9056,-10,8,-42,-8,-30
2020-03-02 00:00:00,5,53,14,67,204,0,2,9782,-13,7,-36,-9,-19
2020-03-03 00:00:00,5,49,19,68,229,7,3,10176,-13,7,-33,-2,-11
2020-03-04 00:00:00,5,76,23,99,246,9,6,10515,-12,5,-27,-2,-8
2020-03-05 00:00:00,5,92,24,116,264,17,10,11949,-13,6,-32,-1,-12
2020-03-06 00:00:00,5,117,27,144,310,22,12,13023,-13,7,-33,0,-14
2020-03-07 00:00:00,5,123,41,164,341,25,13,14429,-16,5,-27,2,-16
2020-03-08 00:00:00,5,146,47,193,430,29,18,15918,-11,5,-26,8,-31
2020-03-09 00:00:00,5,186,51,237,457,30,20,15956,-19,10,-45,0,-30
2020-03-10 00:00:00,5,204,67,271,512,47,26,16643,-23,14,-50,1,-39
2020-03-11 00:00:00,5,262,68,330,610,54,29,21400,-27,16,-55,-6,-48
2020-03-12 00:00:00,5,360,85,445,852,55,32,23438,-37,22,-65,-13,-70
2020-03-13 00:00:00,5,366,107,473,980,100,42,25691,-45,27,-71,-16,-76
2020-03-14 00:00:00,5,366,119,485,1290,107,55,26980,-57,26,-80,-37,-85
2020-03-15 00:00:00,5,426,129,555,1434,120,63,32546,-53,23,-82,-61,-91
2020-03-16 00:00:00,5,498,156,654,1620,130,69,35052,-51,26,-75,-30,-76
2020-03-17 00:00:00,5,548,171,719,1769,136,80,35478,-54,29,-76,-34,-77
2020-03-18 00:00:00,5,646,195,841,2112,167,94,40841,-55,29,-76,-37,-79
2020-03-19 00:00:00,5,771,209,980,2189,200,115,44658,-56,30,-78,-35,-79
2020-03-20 00:00:00,5,843,236,1079,2598,223,131,49288,-57,32,-79,-29,-80
2020-03-21 00:00:00,5,942,249,1191,3023,257,146,53642,-62,28,-84,-47,-88
2020-03-22 00:00:00,5,1113,255,1368,3276,309,169,57671,-62,25,-89,-96,-96
2020-03-23 00:00:00,5,1206,281,1487,3499,327,192,61115,-63,31,-81,-37,-80
2020-03-24 00:00:00,5,1318,304,1622,3729,381,216,66178,-64,33,-79,-39,-80
2020-03-25 00:00:00,5,1407,316,1723,4022,439,258,70877,-65,33,-81,-43,-83
2020-03-26 00:00:00,5,1447,326,1773,4367,508,287,79759,-69,36,-83,-44,-84
2020-03-27 00:00:00,5,1536,338,1874,4774,536,313,83627,-69,38,-83,-37,-83
2020-03-28 00:00:00,5,1559,344,1903,5010,655,362,89380,-65,28,-84,-52,-88
2020-03-29 00:00:00,5,1586,355,1941,5310,715,392,94784,-62,25,-89,-95,-96
2020-03-30 00:00:00,5,1633,356,1989,5575,747,413,99941,-67,33,-81,-42,-83
2020-03-31 00:00:00,5,1680,356,2036,5814,828,477,106238,-68,34,-79,-37,-90
2020-04-01 00:00:00,5,1718,350,2068,6156,902,499,112746,-67,34,-78,-36,-90
2020-04-02 00:00:00,5,1670,345,2015,6563,1001,532,120320,-67,35,-79,-34,-90
2020-04-03 00:00:00,5,1714,335,2049,6812,1031,572,126490,-67,36,-80,-29,-85
2020-04-04 00:00:00,5,1691,324,2015,7078,1124,607,133289,-63,28,-83,-44,-89
2020-04-05 00:00:00,5,1674,329,2003,7406,1186,631,140910,-61,25,-88,-95,-96
2020-04-06 00:00:00,5,1714,322,2036,7686,1204,662,146288,-63,31,-78,-34,-83
2020-04-07 00:00:00,5,1579,297,1876,8089,1265,695,153542,-64,32,-78,-34,-81
2020-04-08 00:00:00,5,1554,285,1839,8332,1503,736,163247,-63,32,-78,-32,-82
2020-04-09 00:00:00,5,1530,274,1804,8645,1728,756,171456,-63,32,-78,-25,-80
2020-04-10 00:00:00,5,1521,257,1778,8869,1981,793,180700,-65,35,-79,-16,-81
2020-04-11 00:00:00,5,1465,251,1716,9033,2188,831,190912,-62,27,-82,-38,-87
2020-04-12 00:00:00,5,1428,249,1677,9052,2492,856,198442,-63,26,-90,-96,-96
2020-04-13 00:00:00,5,1427,245,1672,9094,2603,882,203077,-91,42,-92,-96,-96
2020-04-14 00:00:00,5,1427,233,1660,9076,2790,906,208878,-60,30,-76,-33,-79
2020-04-15 00:00:00,5,1402,219,1621,9168,2895,940,216344,-58,30,-75,-30,-79
2020-04-16 00:00:00,5,1388,209,1597,9203,3209,981,224549,-57,30,-75,-29,-77
2020-04-17 00:00:00,5,1359,197,1556,9062,3730,1026,236722,-58,32,-76,-25,-78
2020-04-18 00:00:00,5,1287,190,1477,8967,4189,1059,247329,-57,26,-79,-43,-84
2020-04-19 00:00:00,5,1264,184,1448,8762,4638,1087,255797,-56,24,-85,-94,-95
2020-04-20 00:00:00,5,1273,180,1453,8608,4954,1112,260810,-55,28,-76,-41,-77
2020-04-21 00:00:00,5,1230,177,1407,8670,5173,1154,268069,-54,29,-74,-38,-76
2020-04-22 00:00:00,5,1205,163,1368,8623,5566,1181,277543,-53,28,-73,-38,-77
2020-04-23 00:00:00,5,1189,140,1329,8596,5750,1206,288075,-54,28,-73,-31,-75
2020-04-24 00:00:00,5,1159,130,1289,8390,6306,1244,296896,-54,29,-73,-12,-73
2020-04-25 00:00:00,5,1105,129,1234,8198,6671,1288,306977,-73,29,-84,-94,-93
2020-04-26 00:00:00,5,1097,124,1221,7917,7018,1315,316361,-51,23,-82,-92,-91
2020-04-27 00:00:00,5,1099,123,1222,7638,7375,1344,320027,-50,24,-70,-22,-69
2020-04-28 00:00:00,5,1067,120,1187,7414,7699,1408,328218,-50,25,-70,-31,-72
2020-04-29 00:00:00,5,1042,114,1156,7213,8019,1437,337656,-50,26,-70,-29,-72
2020-04-30 00:00:00,5,1012,114,1126,7021,8354,1459,349227,-50,25,-69,-11,-67
2020-05-01 00:00:00,5,977,110,1087,6692,8840,1479,362459,-87,42,-83,-92,-89
2020-05-02 00:00:00,5,970,108,1078,6353,9291,1502,370978,-52,22,-69,-28,-74
2020-05-03 00:00:00,5,955,103,1058,6241,9503,1516,378202,-43,20,-71,-89,-86
2020-02-25 00:00:00,21,1,0,1,0,0,0,1,-23,7,-12,15,1
2020-02-26 00:00:00,21,1,0,1,0,0,0,1,-17,6,-16,2,-2
2020-02-27 00:00:00,21,1,0,1,0,0,0,2,-18,6,-12,3,0
2020-02-28 00:00:00,21,1,0,1,0,0,0,2,-17,6,-12,0,-1
2020-02-29 00:00:00,21,1,0,1,0,0,0,16,-7,3,-9,0,-7
2020-03-01 00:00:00,21,1,0,1,0,0,0,20,-4,6,-27,-6,-21
2020-03-02 00:00:00,21,1,0,1,0,0,0,20,0,3,-14,-9,-15
2020-03-03 00:00:00,21,1,0,1,0,0,0,20,0,2,-9,-1,-9
2020-03-04 00:00:00,21,1,0,1,0,0,0,20,0,1,-2,1,-3
2020-03-05 00:00:00,21,1,0,1,0,0,0,20,-14,7,-21,1,-12
2020-03-06 00:00:00,21,4,0,4,0,0,0,36,-13,7,-21,-2,-11
2020-03-07 00:00:00,21,8,0,8,1,0,0,36,-8,4,-9,2,-9
2020-03-08 00:00:00,21,8,0,8,1,0,0,36,-8,3,-8,4,-14
2020-03-09 00:00:00,21,8,0,8,1,0,0,36,-18,9,-34,-2,-28
2020-03-10 00:00:00,21,17,1,18,20,0,0,36,-25,13,-41,2,-45
2020-03-11 00:00:00,21,8,4,12,63,0,0,75,-32,16,-47,-16,-55
2020-03-12 00:00:00,21,21,4,25,78,0,1,607,-41,22,-62,-24,-75
2020-03-13 00:00:00,21,20,5,25,98,0,2,811,-49,27,-69,-35,-81
2020-03-14 00:00:00,21,26,7,33,137,0,3,1135,-57,26,-80,-54,-90
2020-03-15 00:00:00,21,50,4,54,145,0,5,1497,-58,23,-80,-72,-92
2020-03-16 00:00:00,21,53,11,64,171,0,6,1740,-58,28,-73,-44,-82
2020-03-17 00:00:00,21,71,11,82,200,1,8,2149,-61,29,-73,-48,-84
2020-03-18 00:00:00,21,79,18,97,269,1,9,2844,-62,30,-74,-51,-85
2020-03-19 00:00:00,21,87,18,105,316,1,14,3568,-63,32,-77,-51,-86
2020-03-20 00:00:00,21,99,24,123,407,1,17,4433,-63,33,-78,-49,-86
2020-03-21 00:00:00,21,127,30,157,443,1,20,5179,-61,26,-80,-60,-90
2020-03-22 00:00:00,21,146,32,178,470,7,23,5718,-65,25,-87,-95,-96
2020-03-23 00:00:00,21,145,33,178,510,7,29,6084,-67,32,-79,-53,-86
2020-03-24 00:00:00,21,166,38,204,495,44,38,6509,-68,33,-77,-55,-87
2020-03-25 00:00:00,21,190,40,230,518,67,43,6649,-69,34,-80,-56,-88
2020-03-26 00:00:00,21,223,43,266,525,67,48,7744,-71,36,-80,-58,-89
2020-03-27 00:00:00,21,249,45,294,539,110,60,8520,-70,37,-81,-54,-88
2020-03-28 00:00:00,21,225,51,276,653,116,64,9168,-63,27,-81,-61,-91
2020-03-29 00:00:00,21,234,56,290,744,116,64,10137,-65,25,-86,-94,-96
2020-03-30 00:00:00,21,231,62,293,805,153,74,10640,-69,33,-82,-58,-87
2020-03-31 00:00:00,21,249,62,311,831,153,76,11275,-69,33,-79,-53,-86
2020-04-01 00:00:00,21,269,57,326,786,190,116,11951,-68,33,-78,-54,-86
2020-04-02 00:00:00,21,279,60,339,821,190,129,12677,-68,34,-79,-54,-86
2020-04-03 00:00:00,21,291,60,351,858,211,139,13976,-67,35,-79,-50,-86
2020-04-04 00:00:00,21,291,61,352,849,245,146,15045,-61,26,-81,-58,-90
2020-04-05 00:00:00,21,239,53,292,934,260,158,15723,-64,25,-85,-93,-95
2020-04-06 00:00:00,21,245,52,297,963,298,164,16825,-65,31,-77,-51,-84
2020-04-07 00:00:00,21,325,64,389,912,336,174,17761,-66,31,-76,-49,-84
2020-04-08 00:00:00,21,268,65,333,948,371,183,18865,-65,31,-76,-49,-84
2020-04-09 00:00:00,21,263,64,327,988,401,187,19875,-66,32,-76,-45,-84
2020-04-10 00:00:00,21,258,58,316,1001,447,191,20866,-67,34,-78,-40,-84
2020-04-11 00:00:00,21,246,56,302,967,488,200,22186,-59,25,-80,-53,-88
2020-04-12 00:00:00,21,183,45,228,1287,378,205,23246,-65,25,-87,-94,-96
2020-04-13 00:00:00,21,190,41,231,1306,400,212,24157,-89,40,-87,-95,-95
2020-04-14 00:00:00,21,177,39,216,1348,406,214,24457,-62,29,-75,-46,-82
2020-04-15 00:00:00,21,166,32,198,1378,425,223,25370,-61,29,-73,-46,-81
2020-04-16 00:00:00,21,180,34,214,1379,449,225,26416,-60,30,-74,-45,-81
2020-04-17 00:00:00,21,181,32,213,1369,480,234,27698,-60,31,-74,-44,-81
2020-04-18 00:00:00,21,179,28,207,1349,530,239,28888,-55,23,-76,-51,-86
2020-04-19 00:00:00,21,162,23,185,1381,569,245,30361,-59,22,-81,-90,-93
2020-04-20 00:00:00,21,160,19,179,1361,605,249,31381,-57,27,-74,-49,-80
2020-04-21 00:00:00,21,159,20,179,1357,623,251,31987,-57,27,-70,-46,-78
2020-04-22 00:00:00,21,157,19,176,1336,648,256,32722,-56,26,-70,-45,-78
2020-04-23 00:00:00,21,141,17,158,1336,680,261,33994,-56,27,-70,-42,-77
2020-04-24 00:00:00,21,148,16,164,929,1100,263,35062,-55,27,-71,-29,-76
2020-04-25 00:00:00,21,141,14,155,880,1176,265,36608,-65,24,-79,-90,-91
2020-04-26 00:00:00,21,138,14,152,842,1218,269,37431,-56,21,-78,-88,-90
2020-04-27 00:00:00,21,150,16,166,774,1286,270,38640,-53,24,-69,-33,-73
2020-04-28 00:00:00,21,136,15,151,759,1316,272,39130,-53,24,-69,-39,-75
2020-04-29 00:00:00,21,119,14,133,712,1388,274,40218,-53,25,-68,-39,-75
2020-04-30 00:00:00,21,126,13,139,663,1441,275,41297,-53,25,-65,-25,-72
2020-05-01 00:00:00,21,112,11,123,634,1493,278,42903,-84,37,-73,-87,-88
2020-05-02 00:00:00,21,113,10,123,580,1553,279,43804,-48,19,-62,-35,-76
2020-05-03 00:00:00,21,109,11,120,545,1590,281,44240,-49,17,-58,-81,-82
2020-03-10 00:00:00,7,57,29,86,42,5,8,694,-29,14,-42,-2,-39
2020-03-11 00:00:00,7,74,34,108,73,5,8,1025,-36,18,-50,-15,-50
2020-03-12 00:00:00,7,100,36,136,107,20,11,1174,-48,25,-64,-26,-70
2020-03-13 00:00:00,7,128,44,172,132,24,17,1442,-54,28,-68,-30,-73
2020-03-14 00:00:00,7,213,62,275,109,52,27,1750,-51,24,-72,-43,-82
2020-03-15 00:00:00,7,253,66,319,174,33,33,1973,-52,21,-78,-56,-88
2020-03-16 00:00:00,7,255,73,328,247,42,50,2189,-58,26,-69,-39,-73
2020-03-17 00:00:00,7,299,85,384,277,57,60,2509,-61,27,-71,-40,-75
2020-03-18 00:00:00,7,401,100,501,243,70,73,2912,-63,29,-73,-44,-78
2020-03-19 00:00:00,7,491,112,603,280,85,91,3348,-64,30,-75,-45,-78
2020-03-20 00:00:00,7,573,121,694,307,101,119,3794,-63,31,-75,-39,-78
2020-03-21 00:00:00,7,598,129,727,432,125,152,4304,-57,26,-78,-52,-86
2020-03-22 00:00:00,7,736,132,868,483,143,171,4995,-60,23,-85,-78,-94
2020-03-23 00:00:00,7,761,133,894,659,159,212,5538,-67,30,-77,-46,-78
2020-03-24 00:00:00,7,803,147,950,742,193,231,5992,-68,31,-77,-48,-80
2020-03-25 00:00:00,7,927,147,1074,752,225,254,6602,-69,32,-79,-51,-82
2020-03-26 00:00:00,7,998,154,1152,875,260,280,7304,-70,34,-81,-54,-83
2020-03-27 00:00:00,7,1023,157,1180,880,305,331,7804,-69,34,-79,-47,-81
2020-03-28 00:00:00,7,1031,167,1198,888,378,358,8177,-59,26,-80,-53,-86
2020-03-29 00:00:00,7,1077,166,1243,1036,420,377,9100,-60,23,-85,-80,-94
2020-03-30 00:00:00,7,1142,175,1317,1066,437,397,9677,-67,30,-77,-48,-79
2020-03-31 00:00:00,7,1153,179,1332,1176,480,428,10376,-68,31,-76,-45,-89
2020-04-01 00:00:00,7,1114,179,1293,1352,555,460,11334,-67,31,-75,-43,-88
2020-04-02 00:00:00,7,1120,172,1292,1368,634,488,12069,-67,32,-76,-42,-88
2020-04-03 00:00:00,7,1147,173,1320,1426,700,519,12934,-66,33,-76,-39,-82
2020-04-04 00:00:00,7,1121,169,1290,1604,767,542,14087,-57,26,-78,-49,-87
2020-04-05 00:00:00,7,1126,165,1291,1802,800,556,15047,-59,23,-84,-78,-94
2020-04-06 00:00:00,7,1141,162,1303,1814,837,595,15533,-65,29,-74,-42,-79
2020-04-07 00:00:00,7,1090,156,1246,1966,925,620,16579,-65,30,-75,-40,-79
2020-04-08 00:00:00,7,1109,153,1262,1983,1007,654,17521,-65,30,-75,-40,-80
2020-04-09 00:00:00,7,1103,154,1257,1996,1085,682,18446,-65,31,-74,-36,-79
2020-04-10 00:00:00,7,1076,151,1227,2074,1181,709,19514,-64,31,-73,-29,-77
2020-04-11 00:00:00,7,1003,146,1149,2184,1309,734,20888,-55,25,-76,-43,-84
2020-04-12 00:00:00,7,1032,144,1176,2157,1412,749,21983,-60,23,-85,-85,-94
2020-04-13 00:00:00,7,1088,138,1226,2139,1471,760,23129,-87,38,-88,-87,-94
2020-04-14 00:00:00,7,967,133,1100,2366,1549,793,24446,-62,28,-73,-41,-78
2020-04-15 00:00:00,7,959,120,1079,2385,1665,807,25793,-62,29,-73,-40,-78
2020-04-16 00:00:00,7,957,103,1060,2377,1774,828,26945,-61,30,-72,-39,-77
2020-04-17 00:00:00,7,897,105,1002,2457,1863,866,28181,-61,30,-73,-36,-76
2020-04-18 00:00:00,7,901,105,1006,2406,1992,897,29322,-51,25,-76,-48,-84
2020-04-19 00:00:00,7,885,101,986,2504,2110,928,31551,-55,23,-84,-77,-93
2020-04-20 00:00:00,7,878,102,980,2516,2216,957,33007,-61,28,-74,-51,-78
2020-04-21 00:00:00,7,914,94,1008,2455,2311,990,34186,-60,28,-73,-45,-78
2020-04-22 00:00:00,7,860,92,952,2524,2420,1022,35990,-59,28,-71,-44,-77
2020-04-23 00:00:00,7,783,91,874,2592,2536,1047,37842,-59,28,-70,-41,-76
2020-04-24 00:00:00,7,760,87,847,2590,2660,1076,39563,-58,28,-69,-31,-73
2020-04-25 00:00:00,7,759,83,842,2591,2775,1093,41125,-62,27,-80,-70,-90
2020-04-26 00:00:00,7,748,82,830,2650,2894,1114,42607,-51,21,-79,-67,-90
2020-04-27 00:00:00,7,754,83,837,2743,2934,1128,44039,-55,25,-66,-36,-69
2020-04-28 00:00:00,7,718,81,799,2772,3060,1141,45719,-58,26,-70,-44,-75
2020-04-29 00:00:00,7,697,70,767,2809,3161,1152,47220,-55,25,-64,-32,-69
2020-04-30 00:00:00,7,676,69,745,2806,3275,1167,48762,-55,26,-66,-24,-68
2020-05-01 00:00:00,7,666,68,734,2784,3424,1184,51199,-84,37,-80,-87,-89
2020-05-02 00:00:00,7,647,68,715,2883,3519,1195,53202,-42,21,-61,-32,-73
2020-05-03 00:00:00,7,627,68,695,2856,3599,1209,54492,-40,18,-64,-61,-82
2020-02-25 00:00:00,3,79,25,104,127,0,9,3700,-23,11,-37,3,-22
2020-02-26 00:00:00,3,79,25,104,145,0,9,3208,-23,11,-40,-7,-23
2020-02-27 00:00:00,3,172,41,213,136,40,14,3320,-23,10,-39,-7,-19
2020-02-28 00:00:00,3,235,47,282,192,40,17,4835,-24,10,-37,-6,-16
2020-02-29 00:00:00,3,256,80,336,216,40,23,5723,-20,8,-34,-5,-24
2020-03-01 00:00:00,3,406,106,512,375,73,24,6879,-14,7,-40,-9,-33
2020-03-02 00:00:00,3,478,127,605,472,139,38,7925,-20,11,-44,-18,-26
2020-03-03 00:00:00,3,698,167,865,461,139,55,9577,-19,9,-35,-1,-13
2020-03-04 00:00:00,3,877,209,1086,411,250,73,12138,-19,8,-34,-1,-14
2020-03-05 00:00:00,3,1169,244,1413,364,376,98,12354,-21,11,-42,-6,-22
2020-03-06 00:00:00,3,1622,309,1931,77,469,135,13556,-22,11,-40,-2,-20
2020-03-07 00:00:00,3,1661,359,2020,722,524,154,15778,-19,7,-31,-1,-25
2020-03-08 00:00:00,3,2217,399,2616,756,550,267,18534,-19,8,-42,-1,-48
2020-03-09 00:00:00,3,2802,440,3242,1248,646,333,20135,-31,16,-57,-9,-42
2020-03-10 00:00:00,3,3319,466,3785,642,896,468,21479,-38,20,-61,-8,-50
2020-03-11 00:00:00,3,3852,560,4412,1351,900,617,25629,-43,22,-65,-13,-57
2020-03-12 00:00:00,3,4247,605,4852,2044,1085,744,29534,-52,28,-74,-26,-74
2020-03-13 00:00:00,3,4435,650,5085,2647,1198,890,32700,-58,31,-76,-27,-78
2020-03-14 00:00:00,3,4898,732,5630,3429,1660,966,37138,-63,26,-80,-46,-86
2020-03-15 00:00:00,3,5500,767,6267,3776,2011,1218,40369,-57,22,-83,-58,-91
2020-03-16 00:00:00,3,6171,823,6994,3867,2368,1420,43565,-63,30,-79,-35,-78
2020-03-17 00:00:00,3,6953,879,7832,4263,2485,1640,46449,-65,32,-80,-39,-80
2020-03-18 00:00:00,3,7285,924,8209,4057,3488,1959,48983,-66,33,-81,-42,-82
2020-03-19 00:00:00,3,7387,1006,8393,5545,3778,2168,52244,-67,34,-82,-43,-82
2020-03-20 00:00:00,3,7735,1050,8785,6635,4295,2549,57174,-68,36,-82,-40,-82
2020-03-21 00:00:00,3,8258,1093,9351,8019,5050,3095,66730,-67,27,-83,-55,-88
2020-03-22 00:00:00,3,9439,1142,10581,7304,5865,3456,70598,-65,24,-89,-80,-95
2020-03-23 00:00:00,3,9266,1183,10449,8461,6075,3776,73242,-74,35,-86,-47,-84
2020-03-24 00:00:00,3,9711,1194,10905,8963,6657,4178,76695,-74,36,-85,-48,-84
2020-03-25 00:00:00,3,10026,1236,11262,9329,7281,4474,81666,-75,37,-86,-50,-86
2020-03-26 00:00:00,3,10681,1263,11944,10245,7839,4861,87713,-77,39,-86,-51,-86
2020-03-27 00:00:00,3,11137,1292,12429,11466,8001,5402,95860,-77,40,-86,-47,-86
2020-03-28 00:00:00,3,11152,1319,12471,12038,8962,5944,102503,-70,28,-85,-59,-89
2020-03-29 00:00:00,3,11613,1328,12941,12451,9255,6360,107398,-65,24,-89,-81,-95
2020-03-30 00:00:00,3,11815,1330,13145,11861,10337,6818,111057,-75,36,-85,-48,-85
2020-03-31 00:00:00,3,11883,1324,13207,11917,10885,7199,114640,-76,37,-84,-42,-92
2020-04-01 00:00:00,3,11927,1342,13269,12496,11415,7593,121449,-75,37,-84,-40,-92
2020-04-02 00:00:00,3,11762,1351,13113,12763,12229,7960,128286,-75,38,-84,-40,-92
2020-04-03 00:00:00,3,11802,1381,13183,13006,13020,8311,135051,-74,39,-84,-39,-88
2020-04-04 00:00:00,3,12002,1326,13328,13892,13242,8656,141877,-68,28,-84,-53,-91
2020-04-05 00:00:00,3,12009,1317,13326,14798,13426,8905,149984,-64,24,-88,-77,-96
2020-04-06 00:00:00,3,11914,1343,13257,15212,13863,9202,154989,-71,34,-83,-39,-86
2020-04-07 00:00:00,3,11833,1305,13138,15205,14498,9484,159331,-72,35,-83,-39,-85
2020-04-08 00:00:00,3,11719,1257,12976,15569,15147,9722,167557,-71,35,-83,-37,-85
2020-04-09 00:00:00,3,11796,1236,13032,16042,15706,10022,176953,-71,35,-83,-33,-84
2020-04-10 00:00:00,3,11877,1202,13079,16451,16280,10238,186325,-73,38,-82,-29,-84
2020-04-11 00:00:00,3,12026,1174,13200,17058,16823,10511,196302,-67,27,-82,-47,-89
2020-04-12 00:00:00,3,11969,1176,13145,18120,17166,10621,205832,-68,25,-90,-95,-97
2020-04-13 00:00:00,3,12028,1143,13171,18764,17478,10901,211092,-92,43,-92,-84,-96
2020-04-14 00:00:00,3,12077,1122,13199,19164,17821,11142,214870,-68,34,-82,-40,-83
2020-04-15 00:00:00,3,12043,1074,13117,19804,17855,11377,221968,-67,34,-82,-38,-83
2020-04-16 00:00:00,3,11356,1032,12388,20702,18396,11608,232674,-67,34,-82,-38,-82
2020-04-17 00:00:00,3,10627,971,11598,21836,18850,11851,243513,-67,36,-82,-36,-83
2020-04-18 00:00:00,3,10042,947,10989,23206,19136,12050,255331,-63,27,-81,-55,-88
2020-04-19 00:00:00,3,10342,922,11264,23233,19526,12213,264155,-60,23,-87,-79,-95
2020-04-20 00:00:00,3,10138,901,11039,23548,20008,12376,270486,-65,32,-83,-52,-82
2020-04-21 00:00:00,3,9805,851,10656,23322,21374,12579,277197,-65,33,-82,-49,-82
2020-04-22 00:00:00,3,9692,817,10509,23733,22110,12740,290699,-63,32,-80,-46,-82
2020-04-23 00:00:00,3,9192,790,9982,23891,23352,12940,302715,-64,33,-80,-45,-81
2020-04-24 00:00:00,3,8791,756,9547,24821,23782,13106,314298,-64,34,-80,-39,-81
2020-04-25 00:00:00,3,8489,724,9213,25260,24227,13269,326940,-71,28,-84,-69,-92
2020-04-26 00:00:00,3,8481,706,9187,25979,24398,13325,337797,-57,23,-85,-74,-94
2020-04-27 00:00:00,3,7525,680,8205,27236,24589,13449,342850,-61,30,-79,-42,-78
2020-04-28 00:00:00,3,7280,655,7935,27809,25029,13575,351423,-62,30,-80,-46,-80
2020-04-29 00:00:00,3,7120,634,7754,28368,25333,13679,365895,-61,31,-79,-42,-80
2020-04-30 00:00:00,3,6834,605,7439,28772,25749,13772,376943,-61,31,-79,-34,-77
2020-05-01 00:00:00,3,6628,563,7191,29282,26136,13860,390644,-89,45,-89,-83,-93
2020-05-02 00:00:00,3,6529,545,7074,29593,26146,14189,403702,-58,25,-77,-45,-83
2020-05-03 00:00:00,3,6609,532,7141,29785,26371,14231,410857,-50,22,-82,-66,-92
2020-02-25 00:00:00,11,0,0,0,0,0,0,21,-4,2,1,8,3
2020-02-26 00:00:00,11,1,0,1,0,0,0,28,-12,6,-18,2,-10
2020-02-27 00:00:00,11,2,1,3,0,0,0,46,-11,6,-16,0,-6
2020-02-28 00:00:00,11,3,2,5,1,0,0,47,-11,6,-18,-3,-7
2020-02-29 00:00:00,11,6,2,8,3,0,0,68,-13,5,-10,1,-8
2020-03-01 00:00:00,11,12,5,17,8,0,0,101,-4,5,-17,1,-16
2020-03-02 00:00:00,11,17,6,23,11,0,1,137,-2,3,-13,-1,-7
2020-03-03 00:00:00,11,27,13,40,19,0,2,200,-2,3,-13,-1,-7
2020-03-04 00:00:00,11,34,15,49,31,0,4,288,-12,7,-22,0,-12
2020-03-05 00:00:00,11,57,19,76,44,0,4,413,-13,7,-20,0,-11
2020-03-06 00:00:00,11,73,20,93,62,0,4,585,-14,8,-25,-2,-16
2020-03-07 00:00:00,11,94,36,130,71,0,6,816,-18,10,-27,3,-22
2020-03-08 00:00:00,11,110,41,151,114,0,7,1025,-12,8,-22,4,-31
2020-03-09 00:00:00,11,136,47,183,130,0,10,1250,-20,11,-35,-3,-27
2020-03-10 00:00:00,11,152,54,206,175,0,13,1437,-26,15,-45,-1,-41
2020-03-11 00:00:00,11,212,66,278,183,0,18,1656,-32,18,-48,-14,-50
2020-03-12 00:00:00,11,254,76,330,240,0,22,1907,-40,24,-59,-20,-67
2020-03-13 00:00:00,11,337,85,422,276,0,27,2218,-48,27,-64,-23,-72
2020-03-14 00:00:00,11,449,93,542,321,0,36,2561,-59,28,-73,-38,-83
2020-03-15 00:00:00,11,521,98,619,468,0,46,2946,-56,24,-78,-61,-90
2020-03-16 00:00:00,11,528,110,638,547,0,57,3225,-54,27,-68,-35,-72
2020-03-17 00:00:00,11,599,109,708,594,0,69,3225,-57,29,-69,-41,-75
2020-03-18 00:00:00,11,638,119,757,719,0,92,4109,-58,30,-70,-42,-77
2020-03-19 00:00:00,11,656,141,797,825,0,115,4512,-59,31,-72,-42,-77
2020-03-20 00:00:00,11,704,138,842,1002,0,137,5170,-61,33,-74,-37,-78
2020-03-21 00:00:00,11,742,141,883,1114,2,154,5740,-64,30,-79,-47,-86
2020-03-22 00:00:00,11,816,138,954,1277,6,184,6391,-64,27,-85,-88,-95
2020-03-23 00:00:00,11,882,148,1030,1328,8,203,6782,-67,33,-77,-42,-78
2020-03-24 00:00:00,11,862,149,1011,1486,8,231,7229,-69,34,-78,-49,-81
2020-03-25 00:00:00,11,938,148,1086,1553,8,287,7896,-71,35,-79,-51,-83
2020-03-26 00:00:00,11,977,166,1143,1652,9,310,8623,-73,38,-80,-52,-84
2020-03-27 00:00:00,11,979,162,1141,1709,10,336,9060,-73,39,-80,-45,-83
2020-03-28 00:00:00,11,987,166,1153,1846,10,364,9884,-67,31,-81,-51,-87
2020-03-29 00:00:00,11,1000,168,1168,1992,12,386,10431,-64,26,-86,-88,-95
2020-03-30 00:00:00,11,998,167,1165,2086,16,417,10979,-70,33,-76,-46,-79
2020-03-31 00:00:00,11,946,169,1115,2237,21,452,11724,-71,35,-76,-42,-90
2020-04-01 00:00:00,11,984,168,1152,2304,29,477,12296,-70,35,-73,-39,-90
2020-04-02 00:00:00,11,986,164,1150,2405,40,503,12943,-70,35,-73,-39,-90
2020-04-03 00:00:00,11,982,158,1140,2491,42,557,13678,-70,37,-75,-34,-84
2020-04-04 00:00:00,11,997,153,1150,2347,270,574,14472,-65,31,-79,-44,-89
2020-04-05 00:00:00,11,987,151,1138,2440,287,599,15252,-64,27,-85,-86,-95
2020-04-06 00:00:00,11,1001,140,1141,2565,296,612,15919,-67,32,-73,-37,-81
2020-04-07 00:00:00,11,962,139,1101,2637,342,630,16619,-68,33,-73,-35,-81
2020-04-08 00:00:00,11,974,133,1107,2455,645,652,17532,-67,32,-72,-34,-81
2020-04-09 00:00:00,11,945,133,1078,2323,885,669,18194,-68,34,-73,-29,-80
2020-04-10 00:00:00,11,925,127,1052,2264,1086,682,18970,-69,35,-73,-22,-80
2020-04-11 00:00:00,11,960,118,1078,2153,1291,689,20060,-65,30,-77,-40,-86
2020-04-12 00:00:00,11,949,114,1063,2051,1489,700,21057,-67,27,-87,-94,-96
2020-04-13 00:00:00,11,959,108,1067,2013,1588,713,28379,-91,41,-88,-94,-95
2020-04-14 00:00:00,11,937,106,1043,2052,1603,728,29160,-67,33,-76,-41,-82
2020-04-15 00:00:00,11,888,106,994,2103,1660,746,30329,-64,32,-71,-35,-80
2020-04-16 00:00:00,11,850,102,952,2172,1694,764,33778,-64,33,-70,-37,-79
2020-04-17 00:00:00,11,839,94,933,2224,1726,785,37997,-63,34,-71,-33,-78
2020-04-18 00:00:00,11,804,88,892,2280,1754,795,39909,-60,29,-74,-48,-85
2020-04-19 00:00:00,11,799,86,885,2297,1780,807,41474,-58,26,-83,-86,-94
2020-04-20 00:00:00,11,792,80,872,2340,1792,822,42782,-61,31,-73,-49,-78
2020-04-21 00:00:00,11,784,78,862,2356,1825,834,44332,-62,32,-74,-48,-79
2020-04-22 00:00:00,11,735,76,811,2419,1849,845,46492,-61,31,-71,-45,-78
2020-04-23 00:00:00,11,727,71,798,2432,1865,857,47662,-60,31,-69,-41,-77
2020-04-24 00:00:00,11,705,61,766,2507,1890,865,49163,-59,31,-66,-24,-74
2020-04-25 00:00:00,11,689,58,747,2525,1912,874,50996,-77,33,-84,-95,-95
2020-04-26 00:00:00,11,668,58,726,2582,1924,879,52063,-53,24,-79,-69,-92
2020-04-27 00:00:00,11,667,58,725,2585,1933,884,52765,-56,27,-66,-36,-71
2020-04-28 00:00:00,11,666,58,724,2610,1948,893,54313,-57,27,-68,-41,-74
2020-04-29 00:00:00,11,640,52,692,2655,1964,899,55905,-56,28,-65,-36,-73
2020-04-30 00:00:00,11,465,48,513,2697,2131,906,59488,-56,28,-64,-20,-68
2020-05-01 00:00:00,11,413,44,457,2754,2153,911,61241,-88,43,-85,-94,-93
2020-05-02 00:00:00,11,399,46,445,2760,2177,916,62834,-55,28,-72,-41,-79
2020-05-03 00:00:00,11,400,43,443,2755,2194,927,64412,-49,24,-78,-75,-90
2020-02-25 00:00:00,14,0,0,0,0,0,0,0,-11,1,-4,2,7
2020-02-26 00:00:00,14,0,0,0,0,0,0,0,-5,2,-4,-3,-5
2020-02-27 00:00:00,14,0,0,0,0,0,0,0,0,1,-2,-1,-2
2020-02-28 00:00:00,14,0,0,0,0,0,0,0,0,1,-4,1,0
2020-02-29 00:00:00,14,0,0,0,0,0,0,0,2,1,1,4,4
2020-03-01 00:00:00,14,0,0,0,0,0,0,6,0,2,-2,4,4
2020-03-02 00:00:00,14,0,0,0,0,0,0,13,1,1,1,-1,-2
2020-03-03 00:00:00,14,3,0,3,0,0,0,13,1,1,-1,-1,2
2020-03-04 00:00:00,14,3,0,3,0,0,0,19,0,1,-4,2,1
2020-03-05 00:00:00,14,4,0,4,3,0,0,24,-16,5,-16,5,-3
2020-03-06 00:00:00,14,3,2,5,7,0,0,104,-18,7,-21,0,-10
2020-03-07 00:00:00,14,3,2,5,9,0,0,112,-18,9,-25,0,-22
2020-03-08 00:00:00,14,4,2,6,8,0,0,116,-10,8,-18,4,-24
2020-03-09 00:00:00,14,4,2,6,8,0,0,212,-24,9,-27,-7,-22
2020-03-10 00:00:00,14,3,3,6,9,0,0,225,-30,13,-37,-11,-37
2020-03-11 00:00:00,14,4,3,7,9,0,0,233,-35,15,-45,-19,-46
2020-03-12 00:00:00,14,4,3,7,9,0,0,238,-48,20,-58,-33,-66
2020-03-13 00:00:00,14,5,3,8,9,0,0,243,-52,23,-61,-37,-70
2020-03-14 00:00:00,14,5,3,8,9,0,0,247,-56,24,-65,-44,-78
2020-03-15 00:00:00,14,3,4,7,10,0,0,248,-53,21,-74,-61,-87
2020-03-16 00:00:00,14,3,5,8,7,5,1,253,-54,23,-63,-41,-69
2020-03-17 00:00:00,14,7,5,12,7,5,1,301,-57,23,-65,-47,-71
2020-03-18 00:00:00,14,7,6,13,8,6,1,361,-58,25,-66,-45,-73
2020-03-19 00:00:00,14,19,6,25,13,6,2,426,-60,26,-68,-50,-75
2020-03-20 00:00:00,14,20,6,26,13,6,5,426,-61,28,-72,-46,-76
2020-03-21 00:00:00,14,21,6,27,20,7,7,449,-62,27,-72,-50,-81
2020-03-22 00:00:00,14,24,7,31,21,7,7,532,-62,,-82,-82,-92
2020-03-23 00:00:00,14,25,7,32,18,10,7,532,-66,29,-75,-49,-77
2020-03-24 00:00:00,14,27,7,34,21,10,8,572,-71,30,-78,-60,-81
2020-03-25 00:00:00,14,26,7,33,20,12,8,580,-69,31,-76,-55,-80
2020-03-26 00:00:00,14,27,8,35,46,14,8,670,-71,32,-80,-60,-82
2020-03-27 00:00:00,14,26,9,35,51,14,9,710,-68,32,-77,-47,-79
2020-03-28 00:00:00,14,26,9,35,63,16,9,807,-64,29,-76,-52,-83
2020-03-29 00:00:00,14,25,9,34,66,18,9,918,-60,,-80,-82,-91
2020-03-30 00:00:00,14,27,8,35,72,18,9,955,-64,28,-73,-50,-77
2020-03-31 00:00:00,14,29,8,37,80,18,9,1049,-66,28,-73,-46,-89
2020-04-01 00:00:00,14,32,8,40,91,19,10,1157,-66,29,-71,-42,-89
2020-04-02 00:00:00,14,30,8,38,95,21,11,1229,-66,29,-71,-41,-89
2020-04-03 00:00:00,14,31,8,39,105,21,11,1378,-65,29,-73,-34,-81
2020-04-04 00:00:00,14,31,6,37,134,24,11,1504,-62,28,-74,-42,-86
2020-04-05 00:00:00,14,33,6,39,148,24,13,1504,-59,,-81,-81,-94
2020-04-06 00:00:00,14,34,5,39,148,24,13,1546,-62,27,-70,-40,-80
2020-04-07 00:00:00,14,35,5,40,145,26,13,1581,-63,26,-70,-39,-78
2020-04-08 00:00:00,14,30,4,34,147,32,13,2002,-63,26,-67,-32,-77
2020-04-09 00:00:00,14,30,4,34,155,32,13,2069,-64,27,-68,-32,-78
2020-04-10 00:00:00,14,28,4,32,161,37,13,2069,-65,28,-67,-24,-77
2020-04-11 00:00:00,14,28,4,32,161,39,14,2201,-62,27,-71,-39,-83
2020-04-12 00:00:00,14,27,4,31,171,40,15,2471,-62,,-82,-90,-94
2020-04-13 00:00:00,14,28,4,32,170,40,15,2522,-86,35,-86,-93,-95
2020-04-14 00:00:00,14,26,4,30,170,42,15,2522,-64,27,-73,-49,-81
2020-04-15 00:00:00,14,27,4,31,175,42,15,2855,-61,27,-70,-37,-78
2020-04-16 00:00:00,14,25,4,29,174,44,16,2967,-61,27,-68,-42,-76
2020-04-17 00:00:00,14,26,4,30,178,45,16,3082,-60,27,-67,-37,-75
2020-04-18 00:00:00,14,27,4,31,178,44,16,3082,-57,25,-68,-49,-80
2020-04-19 00:00:00,14,27,4,31,184,47,17,3584,-53,,-76,-78,-92
2020-04-20 00:00:00,14,27,2,29,184,50,18,3783,-59,27,-70,-51,-75
2020-04-21 00:00:00,14,27,2,29,184,51,18,4124,-59,26,-69,-49,-74
2020-04-22 00:00:00,14,21,2,23,182,60,19,4425,-60,27,-71,-49,-76
2020-04-23 00:00:00,14,19,1,20,178,66,20,4564,-62,27,-70,-48,-76
2020-04-24 00:00:00,14,19,1,20,180,67,20,4805,-58,25,-63,-27,-70
2020-04-25 00:00:00,14,19,1,20,178,73,21,5191,-72,29,-80,-91,-93
2020-04-26 00:00:00,14,20,1,21,179,75,21,5567,-49,20,-73,,-90
2020-04-27 00:00:00,14,20,1,21,179,75,21,5656,-54,23,-60,-38,-67
2020-04-28 00:00:00,14,18,1,19,176,81,21,5776,-55,21,-63,-42,-69
2020-04-29 00:00:00,14,17,1,18,175,83,21,5910,-55,24,-62,-38,-70
2020-04-30 00:00:00,14,17,1,18,172,87,21,6446,-54,22,-58,-27,-65
2020-05-01 00:00:00,14,17,1,18,172,89,21,6463,-82,34,-81,-93,-93
2020-05-02 00:00:00,14,9,1,10,172,98,21,7075,-52,23,-65,-38,-74
2020-05-03 00:00:00,14,8,1,9,172,98,22,7075,-45,20,-73,-68,-89
2020-02-25 00:00:00,1,2,0,2,1,0,0,141,-21,7,-26,3,-10
2020-02-26 00:00:00,1,2,0,2,1,0,0,156,-19,8,-29,-7,-14
2020-02-27 00:00:00,1,2,0,2,0,0,0,156,-18,7,-26,-4,-9
2020-02-28 00:00:00,1,7,0,7,4,0,0,227,-17,7,-22,-3,-8
2020-02-29 00:00:00,1,7,0,7,4,0,0,308,-7,5,-18,-1,-12
2020-03-01 00:00:00,1,11,2,13,36,0,0,362,-3,3,-14,-2,-11
2020-03-02 00:00:00,1,12,2,14,37,0,0,434,-15,7,-29,-10,-15
2020-03-03 00:00:00,1,13,3,16,40,0,0,458,-14,5,-20,1,-2
2020-03-04 00:00:00,1,26,13,39,43,0,0,543,-13,5,-21,1,-4
2020-03-05 00:00:00,1,43,17,60,46,0,2,543,-15,7,-27,-3,-14
2020-03-06 00:00:00,1,57,30,87,52,0,4,793,-15,8,-25,0,-13
2020-03-07 00:00:00,1,110,38,148,54,0,5,1046,-8,5,-17,2,-15
2020-03-08 00:00:00,1,245,45,290,65,0,5,1636,-8,6,-25,5,-34
2020-03-09 00:00:00,1,222,50,272,65,0,13,1681,-24,12,-42,-2,-31
2020-03-10 00:00:00,1,306,66,372,64,0,17,2374,-30,16,-51,-7,-43
2020-03-11 00:00:00,1,319,75,394,86,0,21,2431,-35,19,-56,-14,-50
2020-03-12 00:00:00,1,368,97,465,89,0,26,2879,-44,24,-66,-23,-69
2020-03-13 00:00:00,1,556,135,691,103,0,46,3105,-50,28,-69,-26,-73
2020-03-14 00:00:00,1,538,150,688,126,0,59,3680,-55,26,-75,-44,-84
2020-03-15 00:00:00,1,726,171,897,133,0,81,4375,-52,22,-80,-61,-90
2020-03-16 00:00:00,1,1045,186,1231,174,0,111,5588,-56,27,-73,-35,-73
2020-03-17 00:00:00,1,1378,206,1584,180,0,133,6543,-59,29,-73,-38,-75
2020-03-18 00:00:00,1,1780,227,2007,180,0,154,7516,-60,30,-75,-42,-77
2020-03-19 00:00:00,1,2279,257,2536,218,3,175,8853,-61,31,-76,-41,-77
2020-03-20 00:00:00,1,1541,280,1821,1423,8,209,9975,-62,33,-76,-37,-79
2020-03-21 00:00:00,1,1976,301,2277,1229,8,238,10701,-59,26,-79,-51,-86
2020-03-22 00:00:00,1,2118,308,2426,1701,10,283,12701,-59,24,-86,-82,-94
2020-03-23 00:00:00,1,2194,343,2537,1992,17,315,13560,-69,33,-81,-45,-80
2020-03-24 00:00:00,1,2404,360,2764,2360,17,374,15469,-70,34,-80,-46,-81
2020-03-25 00:00:00,1,2544,381,2925,2631,19,449,16655,-70,35,-81,-49,-82
2020-03-26 00:00:00,1,2633,408,3041,2909,135,449,18054,-73,36,-82,-49,-83
2020-03-27 00:00:00,1,2852,431,3283,3064,176,569,19705,-72,38,-81,-45,-83
2020-03-28 00:00:00,1,3094,439,3533,3318,203,617,21511,-62,27,-80,-54,-87
2020-03-29 00:00:00,1,2985,443,3428,3840,254,684,24058,-59,23,-85,-82,-94
2020-03-30 00:00:00,1,2985,452,3437,4218,308,749,25478,-71,34,-80,-47,-82
2020-03-31 00:00:00,1,3174,452,3626,4456,365,854,27658,-71,34,-79,-42,-90
2020-04-01 00:00:00,1,3146,453,3599,4871,439,886,30060,-70,34,-78,-40,-90
2020-04-02 00:00:00,1,3341,453,3794,5005,571,983,32100,-70,35,-78,-39,-89
2020-04-03 00:00:00,1,3300,452,3752,5378,723,1043,34281,-70,37,-78,-36,-85
2020-04-04 00:00:00,1,3441,450,3891,5802,888,1128,37181,-61,27,-78,-49,-89
2020-04-05 00:00:00,1,3472,444,3916,6261,1017,1168,38539,-59,23,-85,-80,-95
2020-04-06 00:00:00,1,3484,438,3922,6623,1128,1251,41123,-67,32,-77,-38,-82
2020-04-07 00:00:00,1,3553,432,3985,6719,1320,1319,44121,-68,33,-77,-36,-81
2020-04-08 00:00:00,1,3493,423,3916,7073,1516,1378,48495,-67,33,-77,-36,-81
2020-04-09 00:00:00,1,3514,412,3926,7410,1732,1454,52807,-67,33,-77,-31,-80
2020-04-10 00:00:00,1,3497,394,3891,7685,1904,1532,57457,-68,35,-76,-25,-80
2020-04-11 00:00:00,1,3435,384,3819,8351,2205,1633,62577,-59,26,-76,-42,-85
2020-04-12 00:00:00,1,3429,381,3810,8695,2426,1729,66555,-61,24,-86,-90,-96
2020-04-13 00:00:00,1,3344,379,3723,9042,2543,1826,69170,-91,41,-90,-95,-96
2020-04-14 00:00:00,1,3395,367,3762,9293,2708,1927,71678,-65,31,-76,-37,-80
2020-04-15 00:00:00,1,3338,366,3704,9491,3019,2015,75664,-64,32,-76,-37,-80
2020-04-16 00:00:00,1,3418,346,3764,10019,3231,2094,80708,-64,32,-75,-35,-79
2020-04-17 00:00:00,1,3266,333,3599,10399,3634,2171,86714,-64,34,-75,-33,-79
2020-04-18 00:00:00,1,3271,323,3594,10629,3989,2252,91844,-55,26,-76,-51,-85
2020-04-19 00:00:00,1,3201,305,3506,10964,4256,2331,96569,-55,23,-85,-81,-95
2020-04-20 00:00:00,1,3299,301,3600,10957,4383,2409,99669,-63,31,-80,-53,-81
2020-04-21 00:00:00,1,3116,293,3409,11402,4659,2485,105434,-63,32,-78,-48,-80
2020-04-22 00:00:00,1,3213,273,3486,11636,5058,2559,111513,-61,30,-74,-43,-78
2020-04-23 00:00:00,1,3039,261,3300,11852,5358,2630,117970,-61,31,-74,-39,-77
2020-04-24 00:00:00,1,2918,257,3175,12216,5732,2699,125300,-60,32,-72,-29,-76
2020-04-25 00:00:00,1,2937,238,3175,12327,6157,2767,131107,-72,29,-84,-95,-95
2020-04-26 00:00:00,1,2866,214,3080,12439,6478,2823,135142,-50,22,-81,-65,-92
2020-04-27 00:00:00,1,2830,214,3044,12464,6712,2878,139348,-59,28,-74,-38,-74
2020-04-28 00:00:00,1,2701,202,2903,12603,7008,2936,144531,-60,29,-76,-44,-78
2020-04-29 00:00:00,1,2637,202,2839,12682,7337,3003,151266,-58,28,-71,-36,-75
2020-04-30 00:00:00,1,2621,199,2820,12673,7730,3066,156534,-58,28,-71,-26,-72
2020-05-01 00:00:00,1,2503,181,2684,12878,8025,3097,162568,-88,44,-88,-94,-95
2020-05-02 00:00:00,1,2550,178,2728,12991,8334,3126,168479,-50,24,-71,-40,-80
2020-05-03 00:00:00,1,2496,169,2665,12973,8640,3152,172208,-44,21,-77,-69,-91
2020-02-25 00:00:00,20,0,0,0,0,0,0,1,-17,2,1,-1,4
2020-02-26 00:00:00,20,0,0,0,0,0,0,1,-4,2,-5,-2,-7
2020-02-27 00:00:00,20,0,0,0,0,0,0,1,0,2,-4,0,-3
2020-02-28 00:00:00,20,0,0,0,0,0,0,1,0,1,-4,1,-3
2020-02-29 00:00:00,20,0,0,0,0,0,0,1,0,0,4,1,-2
2020-03-01 00:00:00,20,0,0,0,0,0,0,29,-1,1,0,1,-3
2020-03-02 00:00:00,20,0,0,0,0,0,0,29,-1,2,-8,0,-8
2020-03-03 00:00:00,20,1,0,1,0,0,0,29,0,2,-9,2,-4
2020-03-04 00:00:00,20,1,0,1,1,0,0,42,1,1,-3,4,-1
2020-03-05 00:00:00,20,2,0,2,0,0,0,50,-15,5,-15,5,-4
2020-03-06 00:00:00,20,2,0,2,3,0,0,99,-16,6,-20,2,-11
2020-03-07 00:00:00,20,2,0,2,3,0,0,99,-19,6,-23,3,-18
2020-03-08 00:00:00,20,5,0,5,6,0,0,149,-6,4,-16,6,-19
2020-03-09 00:00:00,20,8,0,8,11,0,0,185,-24,10,-35,4,-27
2020-03-10 00:00:00,20,9,0,9,11,0,0,204,-30,13,-41,3,-41
2020-03-11 00:00:00,20,10,0,10,27,0,0,283,-37,16,-50,-19,-53
2020-03-12 00:00:00,20,12,0,12,27,0,0,302,-46,21,-60,-27,-69
2020-03-13 00:00:00,20,12,0,12,31,0,0,504,-51,23,-64,-31,-73
2020-03-14 00:00:00,20,14,0,14,33,0,0,530,-54,23,-69,-40,-81
2020-03-15 00:00:00,20,16,0,16,59,0,2,613,-48,20,-75,-60,-88
2020-03-16 00:00:00,20,39,0,39,66,0,2,797,-54,23,-70,-39,-74
2020-03-17 00:00:00,20,36,4,40,75,0,2,1003,-57,24,-72,-42,-76
2020-03-18 00:00:00,20,42,7,49,83,0,2,1135,-57,24,-72,-45,-77
2020-03-19 00:00:00,20,43,9,52,152,0,2,1334,-58,26,-72,-46,-77
2020-03-20 00:00:00,20,56,15,71,217,3,2,1912,-59,26,-72,-42,-78
2020-03-21 00:00:00,20,65,16,81,240,5,4,2297,-59,25,-76,-48,-84
2020-03-22 00:00:00,20,67,16,83,244,5,7,2402,-54,22,-81,-82,-93
2020-03-23 00:00:00,20,76,18,94,249,5,11,2568,-61,26,-74,-45,-77
2020-03-24 00:00:00,20,80,19,99,296,11,15,2859,-62,26,-74,-48,-79
2020-03-25 00:00:00,20,82,19,101,311,12,18,3019,-62,27,-74,-50,-80
2020-03-26 00:00:00,20,92,20,112,350,13,19,3461,-63,28,-75,-50,-81
2020-03-27 00:00:00,20,93,19,112,384,13,21,3801,-64,29,-77,-48,-81
2020-03-28 00:00:00,20,95,22,117,452,29,26,4225,-59,25,-76,-47,-83
2020-03-29 00:00:00,20,105,23,128,454,29,27,4598,-56,22,-81,-92,-94
2020-03-30 00:00:00,20,113,24,137,485,32,28,4993,-61,25,-74,-45,-79
2020-03-31 00:00:00,20,113,28,141,516,34,31,5257,-62,26,-71,-41,-88
2020-04-01 00:00:00,20,119,27,146,529,36,34,5501,-61,26,-69,-40,-87
2020-04-02 00:00:00,20,117,24,141,577,36,40,5970,-62,27,-71,-40,-87
2020-04-03 00:00:00,20,122,24,146,598,40,41,6478,-61,27,-72,-36,-82
2020-04-04 00:00:00,20,123,24,147,642,44,41,6789,-57,24,-74,-42,-86
2020-04-05 00:00:00,20,126,25,151,664,49,43,7157,-54,22,-80,-92,-94
2020-04-06 00:00:00,20,123,26,149,670,56,47,7521,-59,25,-71,-37,-80
2020-04-07 00:00:00,20,122,26,148,673,62,52,7680,-60,25,-71,-35,-79
2020-04-08 00:00:00,20,112,31,143,697,76,59,8493,-59,24,-70,-35,-79
2020-04-09 00:00:00,20,106,25,131,745,86,64,8918,-60,26,-70,-32,-79
2020-04-10 00:00:00,20,107,26,133,743,118,69,9444,-60,26,-69,-24,-78
2020-04-11 00:00:00,20,113,24,137,751,130,73,10120,-56,24,-70,-34,-83
2020-04-12 00:00:00,20,109,26,135,768,137,73,10663,-57,23,-83,-93,-95
2020-04-13 00:00:00,20,107,27,134,780,139,75,11010,-85,34,-87,-95,-96
2020-04-14 00:00:00,20,107,24,131,769,158,80,11893,-60,25,-72,-43,-80
2020-04-15 00:00:00,20,107,26,133,737,208,83,12395,-58,24,-70,-39,-79
