DATA,CODICE_REGIONE,LUOGHI_LAVORO,LUOGHI_RESIDENZIALI,TRASPORTO_PUBBLICO,ALIMENTARI_FARMACIE,VENDITA_E_ATTIVITA_RICREATIVE
2020-05-01 00:00:00,17,-79,32,-86,-91,-91
2020-05-02 00:00:00,17,-52,22,-68,-33,-75
2020-05-03 00:00:00,17,-45,19,-80,-83,-89
2020-02-25 00:00:00,18,-12,3,-7,7,-4
2020-02-26 00:00:00,18,-6,3,-14,-4,-13
2020-02-27 00:00:00,18,-4,4,-15,-1,-9
2020-02-28 00:00:00,18,-5,4,-21,-3,-10
2020-02-29 00:00:00,18,0,2,-14,-1,-4
2020-03-01 00:00:00,18,-1,1,-13,1,1
2020-03-02 00:00:00,18,0,1,-12,3,-1
2020-03-03 00:00:00,18,-4,2,-16,-3,-5
2020-03-04 00:00:00,18,-2,2,-17,2,-5
2020-03-05 00:00:00,18,-19,5,-19,7,-7
2020-03-06 00:00:00,18,-21,7,-28,-1,-16
2020-03-07 00:00:00,18,-21,8,-34,0,-22
2020-03-08 00:00:00,18,-10,7,-40,0,-31
2020-03-09 00:00:00,18,-27,10,-40,0,-26
2020-03-10 00:00:00,18,-35,14,-47,-2,-42
2020-03-11 00:00:00,18,-42,18,-58,-22,-56
2020-03-12 00:00:00,18,-53,22,-66,-32,-71
2020-03-13 00:00:00,18,-58,25,-70,-40,-75
2020-03-14 00:00:00,18,-59,24,-75,-47,-81
2020-03-15 00:00:00,18,-55,20,-83,-66,-89
2020-03-16 00:00:00,18,-61,25,-79,-46,-76
2020-03-17 00:00:00,18,-63,25,-78,-51,-78
2020-03-18 00:00:00,18,-65,27,-79,-50,-79
2020-03-19 00:00:00,18,-66,27,-79,-53,-80
2020-03-20 00:00:00,18,-66,29,-82,-50,-80
2020-03-21 00:00:00,18,-65,26,-83,-55,-85
2020-03-22 00:00:00,18,-66,23,-89,-92,-94
2020-03-23 00:00:00,18,-68,28,-84,-53,-80
2020-03-24 00:00:00,18,-70,28,-81,-56,-82
2020-03-25 00:00:00,18,-72,30,-84,-62,-85
2020-03-26 00:00:00,18,-71,30,-84,-60,-85
2020-03-27 00:00:00,18,-69,30,-84,-51,-81
2020-03-28 00:00:00,18,-65,27,-84,-55,-84
2020-03-29 00:00:00,18,-63,22,-90,-92,-94
2020-03-30 00:00:00,18,-67,27,-83,-52,-81
2020-03-31 00:00:00,18,-68,27,-80,-48,-92
2020-04-01 00:00:00,18,-68,28,-81,-48,-92
2020-04-02 00:00:00,18,-67,28,-80,-47,-91
2020-04-03 00:00:00,18,-67,30,-83,-46,-85
2020-04-04 00:00:00,18,-63,26,-83,-47,-87
2020-04-05 00:00:00,18,-62,22,-90,-91,-95
2020-04-06 00:00:00,18,-64,26,-81,-45,-83
2020-04-07 00:00:00,18,-65,26,-80,-43,-82
2020-04-08 00:00:00,18,-65,26,-79,-41,-82
2020-04-09 00:00:00,18,-65,27,-77,-38,-82
2020-04-10 00:00:00,18,-65,28,-80,-33,-81
2020-04-11 00:00:00,18,-62,25,-82,-43,-85
2020-04-12 00:00:00,18,-63,23,-91,-93,-95
2020-04-13 00:00:00,18,-86,33,-92,-95,-95
2020-04-14 00:00:00,18,-64,25,-80,-50,-82
2020-04-15 00:00:00,18,-63,26,-78,-45,-82
2020-04-16 00:00:00,18,-62,26,-78,-43,-80
2020-04-17 00:00:00,18,-62,27,-80,-41,-80
2020-04-18 00:00:00,18,-57,24,-80,-48,-84
2020-04-19 00:00:00,18,-55,21,-87,-91,-94
2020-04-20 00:00:00,18,-61,25,-80,-49,-79
2020-04-21 00:00:00,18,-61,25,-77,-48,-80
2020-04-22 00:00:00,18,-61,26,-78,-50,-81
2020-04-23 00:00:00,18,-62,26,-78,-46,-80
2020-04-24 00:00:00,18,-60,25,-78,-29,-76
2020-04-25 00:00:00,18,-72,28,-87,-91,-94
2020-04-26 00:00:00,18,-51,20,-86,-80,-92
2020-04-27 00:00:00,18,-56,22,-75,-37,-73
2020-04-28 00:00:00,18,-57,21,-74,-42,-76
2020-04-29 00:00:00,18,-57,23,-75,-40,-77
2020-04-30 00:00:00,18,-56,23,-73,-28,-72
2020-05-01 00:00:00,18,-78,32,-88,-83,-91
2020-05-02 00:00:00,18,-52,22,-78,-38,-79
2020-05-03 00:00:00,18,-42,18,-83,-70,-89
2020-02-25 00:00:00,15,-20,5,-7,-2,-2
2020-02-26 00:00:00,15,-11,4,-11,-6,-10
2020-02-27 00:00:00,15,-16,5,-15,-1,-6
2020-02-28 00:00:00,15,-16,5,-16,-1,-6
2020-02-29 00:00:00,15,-10,2,-5,2,-3
2020-03-01 00:00:00,15,-2,2,-14,-1,-11
2020-03-02 00:00:00,15,-3,2,-10,0,-8
2020-03-03 00:00:00,15,-2,2,-11,-1,-7
2020-03-04 00:00:00,15,-1,1,-9,2,-5
2020-03-05 00:00:00,15,-16,5,-17,4,-6
2020-03-06 00:00:00,15,-18,7,-27,-1,-14
2020-03-07 00:00:00,15,-14,7,-28,4,-22
2020-03-08 00:00:00,15,-8,6,-29,0,-29
2020-03-09 00:00:00,15,-25,10,-37,2,-26
2020-03-10 00:00:00,15,-34,15,-50,-1,-44
2020-03-11 00:00:00,15,-42,18,-59,-17,-55
2020-03-12 00:00:00,15,-51,23,-68,-27,-70
2020-03-13 00:00:00,15,-57,26,-73,-33,-75
2020-03-14 00:00:00,15,-59,24,-78,-42,-83
2020-03-15 00:00:00,15,-61,22,-85,-61,-91
2020-03-16 00:00:00,15,-62,27,-79,-43,-77
2020-03-17 00:00:00,15,-65,28,-79,-45,-78
2020-03-18 00:00:00,15,-65,28,-79,-46,-79
2020-03-19 00:00:00,15,-66,30,-80,-48,-80
2020-03-20 00:00:00,15,-67,31,-81,-45,-81
2020-03-21 00:00:00,15,-64,26,-82,-49,-84
2020-03-22 00:00:00,15,-68,24,-89,-79,-94
2020-03-23 00:00:00,15,-70,30,-83,-52,-82
2020-03-24 00:00:00,15,-71,30,-82,-52,-82
2020-03-25 00:00:00,15,-72,31,-84,-56,-84
2020-03-26 00:00:00,15,-73,33,-85,-57,-85
2020-03-27 00:00:00,15,-71,33,-84,-48,-82
2020-03-28 00:00:00,15,-66,27,-83,-51,-85
2020-03-29 00:00:00,15,-67,23,-89,-78,-94
2020-03-30 00:00:00,15,-69,30,-82,-51,-82
2020-03-31 00:00:00,15,-70,30,-80,-46,-92
2020-04-01 00:00:00,15,-70,30,-79,-43,-92
2020-04-02 00:00:00,15,-70,31,-80,-43,-92
2020-04-03 00:00:00,15,-69,32,-81,-39,-85
2020-04-04 00:00:00,15,-65,26,-81,-46,-89
2020-04-05 00:00:00,15,-66,24,-88,-74,-95
2020-04-06 00:00:00,15,-68,29,-80,-45,-84
2020-04-07 00:00:00,15,-68,29,-79,-39,-82
2020-04-08 00:00:00,15,-68,29,-78,-36,-82
2020-04-09 00:00:00,15,-68,29,-78,-32,-81
2020-04-10 00:00:00,15,-69,31,-79,-30,-81
2020-04-11 00:00:00,15,-64,26,-78,-42,-86
2020-04-12 00:00:00,15,-71,25,-91,-94,-97
2020-04-13 00:00:00,15,-90,37,-92,-95,-96
2020-04-14 00:00:00,15,-68,29,-80,-48,-84
2020-04-15 00:00:00,15,-66,29,-79,-43,-83
2020-04-16 00:00:00,15,-66,29,-78,-42,-82
2020-04-17 00:00:00,15,-65,30,-78,-36,-81
2020-04-18 00:00:00,15,-60,25,-79,-45,-86
2020-04-19 00:00:00,15,-61,23,-87,-76,-94
2020-04-20 00:00:00,15,-64,28,-81,-52,-82
2020-04-21 00:00:00,15,-64,28,-78,-44,-80
2020-04-22 00:00:00,15,-65,29,-80,-51,-83
2020-04-23 00:00:00,15,-63,28,-78,-41,-80
2020-04-24 00:00:00,15,-62,28,-75,-27,-77
2020-04-25 00:00:00,15,-69,27,-84,-68,-90
2020-04-26 00:00:00,15,-62,23,-87,-91,-95
2020-04-27 00:00:00,15,-59,25,-74,-36,-74
2020-04-28 00:00:00,15,-60,25,-74,-38,-76
2020-04-29 00:00:00,15,-59,26,-72,-37,-76
2020-04-30 00:00:00,15,-58,25,-70,-22,-72
2020-05-01 00:00:00,15,-85,37,-88,-92,-93
2020-05-02 00:00:00,15,-51,22,-71,-29,-78
2020-05-03 00:00:00,15,-49,21,-81,-67,-90
2020-02-25 00:00:00,8,-15,7,-23,1,-11
2020-02-26 00:00:00,8,-15,8,-31,-9,-18
2020-02-27 00:00:00,8,-15,7,-29,-6,-12
2020-02-28 00:00:00,8,-15,7,-28,-5,-11
2020-02-29 00:00:00,8,-16,5,-23,1,-13
2020-03-01 00:00:00,8,-8,6,-38,-5,-26
2020-03-02 00:00:00,8,-10,6,-31,-6,-14
2020-03-03 00:00:00,8,-13,7,-31,-6,-12
2020-03-04 00:00:00,8,-13,7,-30,-4,-13
2020-03-05 00:00:00,8,-14,8,-32,-5,-16
2020-03-06 00:00:00,8,-15,8,-34,-1,-17
2020-03-07 00:00:00,8,-18,8,-31,5,-22
2020-03-08 00:00:00,8,-13,7,-33,7,-37
2020-03-09 00:00:00,8,-20,12,-45,-4,-34
2020-03-10 00:00:00,8,-27,16,-50,-5,-44
2020-03-11 00:00:00,8,-32,18,-54,-11,-50
2020-03-12 00:00:00,8,-40,23,-63,-17,-68
2020-03-13 00:00:00,8,-46,27,-68,-18,-73
2020-03-14 00:00:00,8,-57,26,-76,-37,-84
2020-03-15 00:00:00,8,-53,22,-80,-56,-90
2020-03-16 00:00:00,8,-50,26,-70,-31,-73
2020-03-17 00:00:00,8,-55,29,-72,-36,-76
2020-03-18 00:00:00,8,-56,30,-73,-38,-77
2020-03-19 00:00:00,8,-57,31,-75,-39,-78
2020-03-20 00:00:00,8,-58,33,-76,-33,-79
2020-03-21 00:00:00,8,-62,28,-80,-46,-86
2020-03-22 00:00:00,8,-64,24,-88,-94,-96
2020-03-23 00:00:00,8,-64,32,-78,-39,-79
2020-03-24 00:00:00,8,-66,34,-77,-43,-80
2020-03-25 00:00:00,8,-68,35,-80,-46,-83
2020-03-26 00:00:00,8,-71,37,-82,-51,-85
2020-03-27 00:00:00,8,-70,38,-81,-40,-83
2020-03-28 00:00:00,8,-66,29,-82,-50,-88
2020-03-29 00:00:00,8,-65,24,-88,-94,-96
2020-03-30 00:00:00,8,-67,33,-78,-42,-81
2020-03-31 00:00:00,8,-69,35,-76,-37,-90
2020-04-01 00:00:00,8,-68,35,-76,-35,-90
2020-04-02 00:00:00,8,-68,35,-76,-35,-90
2020-04-03 00:00:00,8,-67,36,-78,-29,-85
2020-04-04 00:00:00,8,-64,28,-81,-42,-90
2020-04-05 00:00:00,8,-63,24,-87,-93,-96
2020-04-06 00:00:00,8,-63,31,-76,-32,-82
2020-04-07 00:00:00,8,-64,33,-75,-33,-81
2020-04-08 00:00:00,8,-64,33,-75,-31,-81
2020-04-09 00:00:00,8,-64,33,-75,-28,-81
2020-04-10 00:00:00,8,-65,35,-76,-20,-80
2020-04-11 00:00:00,8,-63,27,-79,-38,-87
2020-04-12 00:00:00,8,-66,24,-89,-95,-96
2020-04-13 00:00:00,8,-91,43,-90,-96,-96
2020-04-14 00:00:00,8,-61,31,-74,-33,-80
2020-04-15 00:00:00,8,-60,31,-73,-31,-80
2020-04-16 00:00:00,8,-59,32,-74,-33,-78
2020-04-17 00:00:00,8,-59,33,-75,-29,-78
2020-04-18 00:00:00,8,-58,27,-78,-43,-85
2020-04-19 00:00:00,8,-57,23,-86,-84,-94
2020-04-20 00:00:00,8,-57,29,-77,-46,-78
2020-04-21 00:00:00,8,-58,31,-74,-41,-78
2020-04-22 00:00:00,8,-56,30,-73,-39,-77
2020-04-23 00:00:00,8,-57,30,-72,-37,-77
2020-04-24 00:00:00,8,-57,31,-72,-23,-75
2020-04-25 00:00:00,8,-75,30,-85,-94,-95
2020-04-26 00:00:00,8,-51,22,-83,-57,-91
2020-04-27 00:00:00,8,-52,26,-69,-31,-71
2020-04-28 00:00:00,8,-54,27,-71,-36,-75
2020-04-29 00:00:00,8,-53,28,-70,-33,-74
2020-04-30 00:00:00,8,-53,27,-69,-21,-71
2020-05-01 00:00:00,8,-88,45,-87,-94,-94
2020-05-02 00:00:00,8,-53,25,-73,-32,-79
2020-05-03 00:00:00,8,-46,22,-81,-66,-90
2020-02-25 00:00:00,6,-18,7,-23,3,-9
2020-02-26 00:00:00,6,-18,7,-26,-7,-14
2020-02-27 00:00:00,6,-14,6,-22,-4,-9
2020-02-28 00:00:00,6,-14,6,-21,-5,-7
2020-02-29 00:00:00,6,-12,4,-16,-1,-10
2020-03-01 00:00:00,6,-9,9,-40,-13,-34
2020-03-02 00:00:00,6,-13,7,-29,-5,-12
2020-03-03 00:00:00,6,-13,6,-24,-2,-7
2020-03-04 00:00:00,6,-13,6,-23,0,-7
2020-03-05 00:00:00,6,-13,6,-24,1,-9
2020-03-06 00:00:00,6,-14,8,-28,-1,-15
2020-03-07 00:00:00,6,-13,5,-16,3,-13
2020-03-08 00:00:00,6,-5,3,-7,9,-16
2020-03-09 00:00:00,6,-16,8,-31,1,-21
2020-03-10 00:00:00,6,-21,13,-41,9,-37
2020-03-11 00:00:00,6,-27,17,-48,-6,-48
2020-03-12 00:00:00,6,-37,22,-60,-13,-71
2020-03-13 00:00:00,6,-45,27,-67,-18,-76
2020-03-14 00:00:00,6,-56,26,-72,-38,-85
2020-03-15 00:00:00,6,-48,22,-75,-55,-90
2020-03-16 00:00:00,6,-51,26,-68,-31,-76
2020-03-17 00:00:00,6,-54,28,-69,-34,-77
2020-03-18 00:00:00,6,-54,29,-71,-37,-79
2020-03-19 00:00:00,6,-56,30,-72,-36,-79
2020-03-20 00:00:00,6,-57,32,-73,-30,-80
2020-03-21 00:00:00,6,-59,27,-76,-45,-87
2020-03-22 00:00:00,6,-57,24,-84,-95,-96
2020-03-23 00:00:00,6,-62,31,-75,-39,-80
2020-03-24 00:00:00,6,-63,32,-74,-41,-81
2020-03-25 00:00:00,6,-64,34,-77,-45,-83
2020-03-26 00:00:00,6,-69,36,-79,-46,-85
2020-03-27 00:00:00,6,-68,37,-77,-37,-83
2020-03-28 00:00:00,6,-63,28,-77,-47,-87
2020-03-29 00:00:00,6,-59,24,-83,-94,-95
2020-03-30 00:00:00,6,-66,33,-77,-44,-82
2020-03-31 00:00:00,6,-66,33,-73,-37,-89
2020-04-01 00:00:00,6,-66,34,-73,-36,-90
2020-04-02 00:00:00,6,-66,34,-74,-35,-89
2020-04-03 00:00:00,6,-66,36,-75,-29,-85
2020-04-04 00:00:00,6,-60,27,-75,-42,-88
2020-04-05 00:00:00,6,-58,24,-83,-94,-95
2020-04-06 00:00:00,6,-62,31,-73,-35,-82
2020-04-07 00:00:00,6,-63,32,-72,-32,-81
2020-04-08 00:00:00,6,-62,32,-73,-32,-82
2020-04-09 00:00:00,6,-63,32,-72,-25,-81
2020-04-10 00:00:00,6,-64,34,-72,-16,-80
2020-04-11 00:00:00,6,-59,27,-74,-36,-86
2020-04-12 00:00:00,6,-59,25,-85,-95,-96
2020-04-13 00:00:00,6,-90,42,-89,-96,-96
2020-04-14 00:00:00,6,-60,30,-71,-36,-81
2020-04-15 00:00:00,6,-58,30,-70,-31,-80
2020-04-16 00:00:00,6,-57,30,-70,-30,-79
2020-04-17 00:00:00,6,-57,32,-69,-25,-79
2020-04-18 00:00:00,6,-54,25,-69,-40,-83
2020-04-19 00:00:00,6,-52,23,-77,-93,-94
2020-04-20 00:00:00,6,-54,28,-70,-42,-78
2020-04-21 00:00:00,6,-54,28,-67,-38,-77
2020-04-22 00:00:00,6,-53,28,-67,-37,-78
2020-04-23 00:00:00,6,-53,28,-67,-31,-77
2020-04-24 00:00:00,6,-54,29,-65,-12,-74
2020-04-25 00:00:00,6,-70,28,-78,-93,-93
2020-04-26 00:00:00,6,-49,22,-74,-91,-92
2020-04-27 00:00:00,6,-50,24,-60,-22,-69
2020-04-28 00:00:00,6,-51,25,-60,-28,-72
2020-04-29 00:00:00,6,-50,27,-64,-29,-74
2020-04-30 00:00:00,6,-50,25,-59,-10,-68
2020-05-01 00:00:00,6,-85,41,-76,-91,-90
2020-05-02 00:00:00,6,-50,22,-61,-27,-75
2020-05-03 00:00:00,6,-40,19,-55,-85,-85
2020-02-25 00:00:00,12,-3,1,-7,7,1
2020-02-26 00:00:00,12,0,2,-10,-3,-8
2020-02-27 00:00:00,12,1,1,-9,0,-4
2020-02-28 00:00:00,12,1,1,-7,0,-3
2020-02-29 00:00:00,12,1,0,-6,0,-2
2020-03-01 00:00:00,12,-3,3,-22,-6,-17
2020-03-02 00:00:00,12,1,2,-13,-7,-12
2020-03-03 00:00:00,12,0,2,-14,-1,-7
2020-03-04 00:00:00,12,1,1,-11,4,-5
2020-03-05 00:00:00,12,-15,6,-22,6,-10
2020-03-06 00:00:00,12,-16,8,-26,2,-16
2020-03-07 00:00:00,12,-8,5,-23,4,-18
2020-03-08 00:00:00,12,-8,4,-30,4,-23
2020-03-09 00:00:00,12,-25,11,-39,2,-28
2020-03-10 00:00:00,12,-36,17,-52,-2,-44
2020-03-11 00:00:00,12,-44,21,-60,-15,-53
2020-03-12 00:00:00,12,-55,28,-70,-25,-72
2020-03-13 00:00:00,12,-60,31,-75,-32,-77
2020-03-14 00:00:00,12,-56,24,-77,-43,-84
2020-03-15 00:00:00,12,-55,22,-82,-55,-90
2020-03-16 00:00:00,12,-64,30,-79,-39,-76
2020-03-17 00:00:00,12,-67,32,-80,-43,-79
2020-03-18 00:00:00,12,-68,32,-81,-46,-80
2020-03-19 00:00:00,12,-69,33,-82,-46,-80
2020-03-20 00:00:00,12,-68,34,-81,-45,-81
2020-03-21 00:00:00,12,-61,26,-81,-53,-86
2020-03-22 00:00:00,12,-62,24,-87,-76,-94
2020-03-23 00:00:00,12,-71,33,-83,-47,-80
2020-03-24 00:00:00,12,-72,34,-84,-49,-82
2020-03-25 00:00:00,12,-73,35,-84,-50,-83
2020-03-26 00:00:00,12,-74,37,-86,-55,-85
2020-03-27 00:00:00,12,-72,37,-84,-49,-83
2020-03-28 00:00:00,12,-62,27,-82,-53,-86
2020-03-29 00:00:00,12,-62,24,-88,-76,-94
2020-03-30 00:00:00,12,-71,33,-83,-47,-80
2020-03-31 00:00:00,12,-72,34,-82,-43,-90
2020-04-01 00:00:00,12,-71,34,-82,-43,-90
2020-04-02 00:00:00,12,-72,35,-82,-42,-90
2020-04-03 00:00:00,12,-70,35,-82,-40,-85
2020-04-04 00:00:00,12,-60,26,-80,-47,-88
2020-04-05 00:00:00,12,-61,24,-87,-71,-94
2020-04-06 00:00:00,12,-69,32,-81,-40,-82
2020-04-07 00:00:00,12,-70,33,-81,-39,-81
2020-04-08 00:00:00,12,-69,33,-81,-37,-81
2020-04-09 00:00:00,12,-70,33,-81,-33,-80
2020-04-10 00:00:00,12,-70,34,-80,-30,-80
2020-04-11 00:00:00,12,-59,25,-78,-41,-85
2020-04-12 00:00:00,12,-67,25,-89,-95,-96
2020-04-13 00:00:00,12,-91,41,-92,-94,-96
2020-04-14 00:00:00,12,-69,33,-82,-45,-82
2020-04-15 00:00:00,12,-68,32,-79,-39,-80
2020-04-16 00:00:00,12,-68,33,-80,-38,-79
2020-04-17 00:00:00,12,-67,34,-80,-37,-80
2020-04-18 00:00:00,12,-55,25,-78,-45,-84
2020-04-19 00:00:00,12,-57,23,-86,-74,-93
2020-04-20 00:00:00,12,-67,32,-82,-49,-80
2020-04-21 00:00:00,12,-67,32,-80,-43,-79
2020-04-22 00:00:00,12,-67,33,-82,-47,-82
2020-04-23 00:00:00,12,-66,32,-79,-39,-79
2020-04-24 00:00:00,12,-65,32,-77,-28,-76
2020-04-25 00:00:00,12,-73,28,-84,-92,-94
2020-04-26 00:00:00,12,-51,22,-81,-57,-89
2020-04-27 00:00:00,12,-63,29,-76,-32,-72
2020-04-28 00:00:00,12,-64,29,-78,-37,-76
2020-04-29 00:00:00,12,-63,30,-77,-34,-76
2020-04-30 00:00:00,12,-62,29,-75,-22,-72
2020-05-01 00:00:00,12,-88,42,-89,-92,-94
2020-05-02 00:00:00,12,-49,23,-72,-34,-77
2020-05-03 00:00:00,12,-46,21,-80,-63,-89
2020-02-25 00:00:00,7,-16,6,-18,4,-8
2020-02-26 00:00:00,7,-16,6,-18,-4,-10
2020-02-27 00:00:00,7,-16,6,-18,-4,-9
2020-02-28 00:00:00,7,-14,4,-11,2,1
2020-02-29 00:00:00,7,-3,5,-21,-4,-16
2020-03-01 00:00:00,7,-9,6,-31,-8,-22
2020-03-02 00:00:00,7,-18,9,-30,-23,-26
2020-03-03 00:00:00,7,-12,4,-12,4,-1
2020-03-04 00:00:00,7,-12,4,-11,2,-3
2020-03-05 00:00:00,7,-15,8,-26,-10,-20
2020-03-06 00:00:00,7,-14,5,-15,5,-4
2020-03-07 00:00:00,7,-3,3,-10,3,-13
2020-03-08 00:00:00,7,-7,4,-18,4,-21
2020-03-09 00:00:00,7,-22,11,-38,-8,-31
2020-02-25 00:00:00,13,-15,3,-3,7,4
2020-02-26 00:00:00,13,-3,2,-11,1,-5
2020-02-27 00:00:00,13,0,2,-8,3,-3
2020-02-28 00:00:00,13,-1,2,-11,2,-3
2020-02-29 00:00:00,13,0,1,-7,2,-2
2020-03-01 00:00:00,13,-2,2,-11,4,-7
2020-03-02 00:00:00,13,1,1,-7,3,-3
2020-03-03 00:00:00,13,1,1,-10,1,-2
2020-03-04 00:00:00,13,0,1,-11,5,-2
2020-03-05 00:00:00,13,-15,5,-16,7,-4
2020-03-06 00:00:00,13,-16,6,-22,3,-9
2020-03-07 00:00:00,13,-17,8,-31,6,-18
2020-03-08 00:00:00,13,-9,7,-32,10,-27
2020-03-09 00:00:00,13,-22,9,-38,5,-23
2020-03-10 00:00:00,13,-31,15,-51,1,-41
2020-03-11 00:00:00,13,-38,18,-60,-18,-52
2020-03-12 00:00:00,13,-50,24,-67,-29,-70
2020-03-13 00:00:00,13,-56,28,-72,-32,-74
2020-03-14 00:00:00,13,-61,27,-79,-42,-82
2020-03-15 00:00:00,13,-58,23,-86,-60,-90
2020-03-16 00:00:00,13,-58,26,-75,-38,-73
2020-03-17 00:00:00,13,-60,27,-76,-43,-75
2020-03-18 00:00:00,13,-61,28,-78,-44,-77
2020-03-19 00:00:00,13,-63,29,-79,-46,-77
2020-03-20 00:00:00,13,-63,32,-81,-42,-79
2020-03-21 00:00:00,13,-65,28,-85,-49,-85
2020-03-22 00:00:00,13,-64,25,-89,-82,-94
2020-03-23 00:00:00,13,-67,30,-83,-44,-78
2020-03-24 00:00:00,13,-71,33,-83,-55,-83
2020-03-25 00:00:00,13,-71,33,-83,-53,-82
2020-03-26 00:00:00,13,-72,34,-84,-58,-84
2020-03-27 00:00:00,13,-71,35,-85,-46,-81
2020-03-28 00:00:00,13,-67,30,-87,-53,-86
2020-03-29 00:00:00,13,-63,24,-90,-84,-94
2020-03-30 00:00:00,13,-68,30,-82,-46,-79
2020-03-31 00:00:00,13,-70,32,-81,-43,-91
2020-04-01 00:00:00,13,-69,31,-79,-39,-90
2020-04-02 00:00:00,13,-68,32,-79,-39,-89
2020-04-03 00:00:00,13,-68,33,-82,-35,-83
2020-04-04 00:00:00,13,-65,29,-86,-43,-88
2020-04-05 00:00:00,13,-62,25,-89,-79,-95
2020-04-06 00:00:00,13,-65,29,-81,-35,-81
2020-04-07 00:00:00,13,-66,30,-80,-34,-80
2020-04-08 00:00:00,13,-66,29,-80,-32,-80
2020-04-09 00:00:00,13,-66,30,-79,-27,-79
2020-04-10 00:00:00,13,-68,32,-81,-22,-80
2020-04-11 00:00:00,13,-64,28,-84,-38,-85
2020-04-12 00:00:00,13,-67,25,-92,-94,-96
2020-04-13 00:00:00,13,-89,38,-93,-95,-95
2020-04-14 00:00:00,13,-66,30,-81,-46,-83
2020-04-15 00:00:00,13,-64,29,-77,-35,-79
2020-04-16 00:00:00,13,-63,29,-78,-37,-78
2020-04-17 00:00:00,13,-63,31,-79,-33,-78
2020-04-18 00:00:00,13,-58,26,-83,-47,-83
2020-04-19 00:00:00,13,-58,23,-89,-92,-94
2020-02-28 00:00:00,10,1,0,-1,1,-2
2020-02-29 00:00:00,10,1,1,0,2,-3
2020-03-01 00:00:00,10,-4,4,-11,-1,-17
2020-03-02 00:00:00,10,1,2,-9,-3,-10
2020-03-03 00:00:00,10,2,2,-8,0,-6
2020-03-04 00:00:00,10,2,2,-4,4,-6
2020-03-05 00:00:00,10,-13,6,-14,4,-9
2020-03-06 00:00:00,10,-13,7,-19,2,-15
2020-03-07 00:00:00,10,-14,7,-17,6,-19
2020-03-08 00:00:00,10,-7,6,-6,8,-27
2020-03-09 00:00:00,10,-18,9,-25,0,-24
2020-03-10 00:00:00,10,-25,14,-36,2,-40
2020-03-11 00:00:00,10,-31,17,-40,-16,-50
2020-03-12 00:00:00,10,-42,23,-56,-23,-68
2020-03-13 00:00:00,10,-47,26,-59,-28,-74
2020-03-14 00:00:00,10,-55,25,-68,-41,-83
2020-03-15 00:00:00,10,-52,23,-73,-64,-91
2020-03-16 00:00:00,10,-53,26,-65,-38,-74
2020-03-17 00:00:00,10,-56,28,-65,-44,-76
2020-03-18 00:00:00,10,-56,29,-66,-45,-78
2020-03-19 00:00:00,10,-58,30,-68,-46,-79
2020-03-20 00:00:00,10,-58,30,-69,-42,-79
2020-03-21 00:00:00,10,-60,27,-74,-50,-86
2020-03-22 00:00:00,10,-60,25,-81,-91,-95
2020-03-23 00:00:00,10,-64,31,-74,-46,-79
2020-03-24 00:00:00,10,-66,32,-74,-51,-81
2020-03-25 00:00:00,10,-66,33,-73,-53,-82
2020-03-26 00:00:00,10,-68,35,-75,-52,-82
2020-03-27 00:00:00,10,-67,35,-75,-47,-82
2020-03-28 00:00:00,10,-63,29,-76,-53,-87
2020-03-29 00:00:00,10,-61,25,-81,-89,-95
2020-03-30 00:00:00,10,-64,31,-72,-48,-79
2020-03-31 00:00:00,10,-66,32,-71,-43,-91
2020-04-01 00:00:00,10,-65,32,-68,-41,-90
2020-04-02 00:00:00,10,-65,33,-67,-41,-90
2020-04-03 00:00:00,10,-64,33,-70,-38,-84
2020-04-04 00:00:00,10,-60,28,-74,-44,-89
2020-04-05 00:00:00,10,-59,25,-80,-86,-95
2020-04-06 00:00:00,10,-60,30,-69,-38,-81
2020-04-07 00:00:00,10,-62,30,-68,-36,-80
2020-04-08 00:00:00,10,-61,30,-67,-36,-81
2020-04-09 00:00:00,10,-61,31,-67,-30,-80
2020-04-10 00:00:00,10,-63,32,-67,-24,-80
2020-04-11 00:00:00,10,-60,27,-71,-39,-86
2020-04-12 00:00:00,10,-65,26,-83,-94,-96
2020-04-13 00:00:00,10,-89,41,-85,-95,-96
2020-04-14 00:00:00,10,-59,29,-68,-39,-80
2020-04-15 00:00:00,10,-58,29,-66,-38,-80
2020-04-16 00:00:00,10,-58,30,-66,-39,-78
2020-04-17 00:00:00,10,-57,30,-67,-35,-78
2020-04-18 00:00:00,10,-54,26,-70,-44,-84
2020-04-19 00:00:00,10,-53,24,-78,-85,-94
2020-04-20 00:00:00,10,-55,28,-72,-46,-77
2020-04-21 00:00:00,10,-56,29,-69,-43,-78
2020-04-22 00:00:00,10,-55,29,-69,-45,-79
2020-04-23 00:00:00,10,-54,28,-66,-38,-77
2020-04-24 00:00:00,10,-54,27,-64,-22,-73
2020-04-25 00:00:00,10,-72,30,-79,-94,-95
2020-04-26 00:00:00,10,-50,23,-75,-91,-94
2020-04-27 00:00:00,10,-50,25,-62,-30,-70
2020-04-28 00:00:00,10,-52,26,-65,-38,-75
2020-04-29 00:00:00,10,-51,27,-64,-36,-74
2020-04-30 00:00:00,10,-51,25,-60,-22,-70
2020-05-01 00:00:00,10,-86,40,-81,-94,-94
2020-05-02 00:00:00,10,-50,24,-67,-34,-78
2020-05-03 00:00:00,10,-43,22,-72,-80,-91
2020-02-25 00:00:00,5,-19,7,-26,3,-11
2020-02-26 00:00:00,5,-17,7,-29,-7,-15
2020-02-27 00:00:00,5,-15,7,-29,-5,-11
2020-02-28 00:00:00,5,-15,7,-28,-4,-10
2020-02-29 00:00:00,5,-16,5,-26,-1,-13
2020-03-01 00:00:00,5,-10,8,-42,-8,-30
2020-03-02 00:00:00,5,-13,7,-36,-9,-19
2020-03-03 00:00:00,5,-13,7,-33,-2,-11
2020-03-04 00:00:00,5,-12,5,-27,-2,-8
2020-03-05 00:00:00,5,-13,6,-32,-1,-12
2020-03-06 00:00:00,5,-13,7,-33,0,-14
2020-03-07 00:00:00,5,-16,5,-27,2,-16
2020-03-08 00:00:00,5,-11,5,-26,8,-31
2020-03-09 00:00:00,5,-19,10,-45,0,-30
2020-03-10 00:00:00,5,-23,14,-50,1,-39
2020-03-11 00:00:00,5,-27,16,-55,-6,-48
2020-03-12 00:00:00,5,-37,22,-65,-13,-70
2020-03-13 00:00:00,5,-45,27,-71,-16,-76
2020-03-14 00:00:00,5,-57,26,-80,-37,-85
2020-03-15 00:00:00,5,-53,23,-82,-61,-91
2020-03-16 00:00:00,5,-51,26,-75,-30,-76
2020-03-17 00:00:00,5,-54,29,-76,-34,-77
2020-03-18 00:00:00,5,-55,29,-76,-37,-79
2020-03-19 00:00:00,5,-56,30,-78,-35,-79
2020-03-20 00:00:00,5,-57,32,-79,-29,-80
2020-03-21 00:00:00,5,-62,28,-84,-47,-88
2020-03-22 00:00:00,5,-62,25,-89,-96,-96
2020-03-23 00:00:00,5,-63,31,-81,-37,-80
2020-03-24 00:00:00,5,-64,33,-79,-39,-80
2020-03-25 00:00:00,5,-65,33,-81,-43,-83
2020-03-26 00:00:00,5,-69,36,-83,-44,-84
2020-03-27 00:00:00,5,-69,38,-83,-37,-83
2020-03-28 00:00:00,5,-65,28,-84,-52,-88
2020-03-29 00:00:00,5,-62,25,-89,-95,-96
2020-03-30 00:00:00,5,-67,33,-81,-42,-83
2020-03-31 00:00:00,5,-68,34,-79,-37,-90
2020-04-01 00:00:00,5,-67,34,-78,-36,-90
2020-04-02 00:00:00,5,-67,35,-79,-34,-90
2020-04-03 00:00:00,5,-67,36,-80,-29,-85
2020-04-04 00:00:00,5,-63,28,-83,-44,-89
2020-04-05 00:00:00,5,-61,25,-88,-95,-96
2020-04-06 00:00:00,5,-63,31,-78,-34,-83
2020-04-07 00:00:00,5,-64,32,-78,-34,-81
2020-04-08 00:00:00,5,-63,32,-78,-32,-82
2020-04-09 00:00:00,5,-63,32,-78,-25,-80
2020-04-10 00:00:00,5,-65,35,-79,-16,-81
2020-04-11 00:00:00,5,-62,27,-82,-38,-87
2020-04-12 00:00:00,5,-63,26,-90,-96,-96
2020-04-13 00:00:00,5,-91,42,-92,-96,-96
2020-04-14 00:00:00,5,-60,30,-76,-33,-79
2020-04-15 00:00:00,5,-58,30,-75,-30,-79
2020-04-16 00:00:00,5,-57,30,-75,-29,-77
2020-04-17 00:00:00,5,-58,32,-76,-25,-78
2020-04-18 00:00:00,5,-57,26,-79,-43,-84
2020-04-19 00:00:00,5,-56,24,-85,-94,-95
2020-04-20 00:00:00,5,-55,28,-76,-41,-77
2020-04-21 00:00:00,5,-54,29,-74,-38,-76
2020-04-22 00:00:00,5,-53,28,-73,-38,-77
2020-04-23 00:00:00,5,-54,28,-73,-31,-75
2020-04-24 00:00:00,5,-54,29,-73,-12,-73
2020-04-25 00:00:00,5,-73,29,-84,-94,-93
2020-04-26 00:00:00,5,-51,23,-82,-92,-91
2020-04-27 00:00:00,5,-50,24,-70,-22,-69
2020-04-28 00:00:00,5,-50,25,-70,-31,-72
2020-04-29 00:00:00,5,-50,26,-70,-29,-72
2020-04-30 00:00:00,5,-50,25,-69,-11,-67
2020-05-01 00:00:00,5,-87,42,-83,-92,-89
2020-05-02 00:00:00,5,-52,22,-69,-28,-74
2020-05-03 00:00:00,5,-43,20,-71,-89,-86
2020-02-25 00:00:00,21,-23,7,-12,15,1
2020-02-26 00:00:00,21,-17,6,-16,2,-2
2020-02-27 00:00:00,21,-18,6,-12,3,0
2020-02-28 00:00:00,21,-17,6,-12,0,-1
2020-02-29 00:00:00,21,-7,3,-9,0,-7
2020-03-01 00:00:00,21,-4,6,-27,-6,-21
2020-03-02 00:00:00,21,0,3,-14,-9,-15
2020-03-03 00:00:00,21,0,2,-9,-1,-9
2020-03-04 00:00:00,21,0,1,-2,1,-3
2020-03-05 00:00:00,21,-14,7,-21,1,-12
2020-03-06 00:00:00,21,-13,7,-21,-2,-11
2020-03-07 00:00:00,21,-8,4,-9,2,-9
2020-03-08 00:00:00,21,-8,3,-8,4,-14
2020-03-09 00:00:00,21,-18,9,-34,-2,-28
2020-03-10 00:00:00,21,-25,13,-41,2,-45
2020-03-11 00:00:00,21,-32,16,-47,-16,-55
2020-03-12 00:00:00,21,-41,22,-62,-24,-75
2020-03-13 00:00:00,21,-49,27,-69,-35,-81
2020-03-14 00:00:00,21,-57,26,-80,-54,-90
2020-03-15 00:00:00,21,-58,23,-80,-72,-92
2020-03-16 00:00:00,21,-58,28,-73,-44,-82
2020-03-17 00:00:00,21,-61,29,-73,-48,-84
2020-03-18 00:00:00,21,-62,30,-74,-51,-85
2020-03-19 00:00:00,21,-63,32,-77,-51,-86
2020-03-20 00:00:00,21,-63,33,-78,-49,-86
2020-03-21 00:00:00,21,-61,26,-80,-60,-90
2020-03-22 00:00:00,21,-65,25,-87,-95,-96
2020-03-23 00:00:00,21,-67,32,-79,-53,-86
2020-03-24 00:00:00,21,-68,33,-77,-55,-87
2020-03-25 00:00:00,21,-69,34,-80,-56,-88
2020-03-26 00:00:00,21,-71,36,-80,-58,-89
2020-03-27 00:00:00,21,-70,37,-81,-54,-88
2020-03-28 00:00:00,21,-63,27,-81,-61,-91
2020-03-29 00:00:00,21,-65,25,-86,-94,-96
2020-03-30 00:00:00,21,-69,33,-82,-58,-87
2020-03-31 00:00:00,21,-69,33,-79,-53,-86
2020-04-01 00:00:00,21,-68,33,-78,-54,-86
2020-04-02 00:00:00,21,-68,34,-79,-54,-86
2020-04-03 00:00:00,21,-67,35,-79,-50,-86
2020-04-04 00:00:00,21,-61,26,-81,-58,-90
2020-04-05 00:00:00,21,-64,25,-85,-93,-95
2020-04-06 00:00:00,21,-65,31,-77,-51,-84
2020-04-07 00:00:00,21,-66,31,-76,-49,-84
2020-04-08 00:00:00,21,-65,31,-76,-49,-84
2020-04-09 00:00:00,21,-66,32,-76,-45,-84
2020-04-10 00:00:00,21,-67,34,-78,-40,-84
2020-04-11 00:00:00,21,-59,25,-80,-53,-88
2020-04-12 00:00:00,21,-65,25,-87,-94,-96
2020-04-13 00:00:00,21,-89,40,-87,-95,-95
2020-04-14 00:00:00,21,-62,29,-75,-46,-82
2020-04-15 00:00:00,21,-61,29,-73,-46,-81
2020-04-16 00:00:00,21,-60,30,-74,-45,-81
2020-04-17 00:00:00,21,-60,31,-74,-44,-81
2020-04-18 00:00:00,21,-55,23,-76,-51,-86
2020-04-19 00:00:00,21,-59,22,-81,-90,-93
2020-04-20 00:00:00,21,-57,27,-74,-49,-80
2020-04-21 00:00:00,21,-57,27,-70,-46,-78
2020-04-22 00:00:00,21,-56,26,-70,-45,-78
2020-04-23 00:00:00,21,-56,27,-70,-42,-77
2020-04-24 00:00:00,21,-55,27,-71,-29,-76
2020-04-25 00:00:00,21,-65,24,-79,-90,-91
2020-04-26 00:00:00,21,-56,21,-78,-88,-90
2020-04-27 00:00:00,21,-53,24,-69,-33,-73
2020-04-28 00:00:00,21,-53,24,-69,-39,-75
2020-04-29 00:00:00,21,-53,25,-68,-39,-75
2020-04-30 00:00:00,21,-53,25,-65,-25,-72
2020-05-01 00:00:00,21,-84,37,-73,-87,-88
2020-05-02 00:00:00,21,-48,19,-62,-35,-76
2020-05-03 00:00:00,21,-49,17,-58,-81,-82
2020-03-10 00:00:00,7,-29,14,-42,-2,-39
2020-03-11 00:00:00,7,-36,18,-50,-15,-50
2020-03-12 00:00:00,7,-48,25,-64,-26,-70
2020-03-13 00:00:00,7,-54,28,-68,-30,-73
2020-04-20 00:00:00,13,-61,28,-80,-46,-78
2020-04-21 00:00:00,13,-62,29,-80,-49,-80
2020-04-22 00:00:00,13,-62,29,-80,-50,-80
2020-04-23 00:00:00,13,-60,29,-77,-41,-76
2020-04-24 00:00:00,13,-59,28,-76,-25,-73
2020-04-25 00:00:00,13,-74,30,-88,-94,-94
2020-04-26 00:00:00,13,-55,23,-87,-90,-93
2020-04-27 00:00:00,13,-56,25,-73,-31,-69
2020-04-28 00:00:00,13,-57,24,-74,-39,-73
2020-04-29 00:00:00,13,-56,25,-73,-37,-73
2020-04-30 00:00:00,13,-55,24,-71,-23,-68
2020-05-01 00:00:00,13,-85,38,-88,-93,-91
2020-05-02 00:00:00,13,-53,24,-78,-35,-76
2020-05-03 00:00:00,13,-49,21,-83,-90,-90
2020-02-25 00:00:00,2,-18,2,27,23,23
2020-02-26 00:00:00,2,-17,6,-2,9,0
2020-02-27 00:00:00,2,-14,7,-1,3,2
2020-02-28 00:00:00,2,-13,4,9,18,21
2020-02-29 00:00:00,2,-1,2,3,7,-1
2020-03-01 00:00:00,2,-2,2,-2,11,-1
2020-03-02 00:00:00,2,-1,3,-10,2,-8
2020-03-03 00:00:00,2,0,0,-1,4,0
2020-03-04 00:00:00,2,-1,1,-2,4,3
2020-03-05 00:00:00,2,-15,9,-18,-3,-21
2020-03-06 00:00:00,2,-14,6,-9,9,-4
2020-03-07 00:00:00,2,-6,5,-7,7,-6
2020-03-08 00:00:00,2,-5,5,-23,13,-26
2020-03-09 00:00:00,2,-21,10,-32,4,-29
2020-03-10 00:00:00,2,-28,15,-51,-3,-51
2020-03-11 00:00:00,2,-35,17,-51,-24,-58
2020-03-12 00:00:00,2,-44,23,-58,-27,-74
2020-03-13 00:00:00,2,-51,27,-66,-33,-79
2020-03-14 00:00:00,2,-58,,-74,-54,-88
2020-03-15 00:00:00,2,-59,,-82,-68,-93
2020-03-16 00:00:00,2,-57,27,-70,-37,-80
2020-03-17 00:00:00,2,-60,27,-68,-43,-81
2020-03-18 00:00:00,2,-61,28,-71,-47,-83
2020-03-19 00:00:00,2,-63,30,-72,-47,-83
2020-03-20 00:00:00,2,-64,33,-76,-45,-86
2020-03-21 00:00:00,2,-63,,-82,-59,-91
2020-03-22 00:00:00,2,-67,,-88,-87,-95
2020-03-23 00:00:00,2,-67,31,-79,-47,-86
2020-03-24 00:00:00,2,-68,32,-78,-50,-87
2020-03-25 00:00:00,2,-69,33,-79,-54,-87
2020-03-26 00:00:00,2,-71,35,-80,-53,-88
2020-03-27 00:00:00,2,-69,36,-81,-51,-88
2020-03-28 00:00:00,2,-65,,-83,-62,-92
2020-03-29 00:00:00,2,-67,,-86,-88,-95
2020-03-30 00:00:00,2,-68,31,-78,-49,-87
2020-03-31 00:00:00,2,-68,32,-78,-48,-95
2020-04-01 00:00:00,2,-67,32,-76,-46,-95
2020-04-02 00:00:00,2,-68,33,-75,-45,-95
2020-04-03 00:00:00,2,-68,34,-77,-45,-90
2020-04-04 00:00:00,2,-63,,-82,-57,-93
2020-04-05 00:00:00,2,-64,,-86,-87,-96
2020-04-06 00:00:00,2,-65,30,-77,-42,-87
2020-04-07 00:00:00,2,-66,31,-75,-42,-88
2020-04-08 00:00:00,2,-64,30,-72,-44,-88
2020-04-09 00:00:00,2,-66,32,-74,-39,-87
2020-04-10 00:00:00,2,-66,34,-74,-37,-88
2020-04-11 00:00:00,2,-61,,-81,-49,-91
2020-04-12 00:00:00,2,-65,,-86,-92,-96
2020-04-13 00:00:00,2,-85,,-86,-84,-95
2020-04-14 00:00:00,2,-62,29,-72,-42,-86
2020-04-15 00:00:00,2,-62,29,-71,-41,-86
2020-04-16 00:00:00,2,-61,30,-72,-41,-86
2020-04-17 00:00:00,2,-61,32,-73,-40,-86
2020-04-18 00:00:00,2,-58,,-80,-56,-91
2020-04-19 00:00:00,2,-63,,-87,-86,-95
2020-04-20 00:00:00,2,-60,28,-72,-47,-84
2020-04-21 00:00:00,2,-60,30,-74,-48,-86
2020-04-22 00:00:00,2,-58,27,-67,-47,-85
2020-04-23 00:00:00,2,-60,29,-69,-44,-85
2020-04-24 00:00:00,2,-59,30,-69,-42,-84
2020-04-25 00:00:00,2,-62,,-81,-66,-93
2020-04-26 00:00:00,2,-59,,-84,-83,-95
2020-04-27 00:00:00,2,-57,26,-66,-41,-81
2020-04-28 00:00:00,2,-58,26,-71,-44,-84
2020-04-29 00:00:00,2,-56,26,-63,-43,-83
2020-04-30 00:00:00,2,-58,28,-70,-36,-82
2020-05-01 00:00:00,2,-81,,-84,-75,-93
2020-05-02 00:00:00,2,-55,,-79,-51,-89
2020-05-03 00:00:00,2,-55,,-82,-81,-94
2020-02-25 00:00:00,16,-15,2,-2,4,2
2020-02-26 00:00:00,16,-5,2,-10,0,-7
2020-02-27 00:00:00,16,-4,3,-13,2,-8
2020-02-28 00:00:00,16,-3,3,-16,-1,-9
2020-02-29 00:00:00,16,-2,2,-10,2,-4
2020-03-01 00:00:00,16,-3,2,-11,1,-5
2020-03-02 00:00:00,16,0,1,-9,3,-3
2020-03-03 00:00:00,16,-1,2,-10,0,-4
2020-03-04 00:00:00,16,0,1,-11,5,-3
2020-03-05 00:00:00,16,-16,5,-21,6,-5
2020-03-06 00:00:00,16,-17,7,-29,2,-13
2020-03-07 00:00:00,16,-18,8,-34,4,-22
2020-03-08 00:00:00,16,-11,8,-36,3,-32
2020-03-09 00:00:00,16,-23,9,-39,4,-24
2020-03-10 00:00:00,16,-31,14,-50,1,-41
2020-03-11 00:00:00,16,-36,16,-58,-15,-50
2020-03-12 00:00:00,16,-47,21,-67,-26,-66
2020-03-13 00:00:00,16,-52,24,-72,-31,-70
2020-03-14 00:00:00,16,-56,24,-76,-38,-78
2020-03-15 00:00:00,16,-58,23,-82,-62,-90
2020-03-16 00:00:00,16,-56,24,-78,-38,-72
2020-03-17 00:00:00,16,-59,26,-78,-44,-75
2020-03-18 00:00:00,16,-60,26,-79,-44,-75
2020-03-19 00:00:00,16,-61,27,-80,-46,-76
2020-03-20 00:00:00,16,-61,28,-80,-42,-76
2020-03-21 00:00:00,16,-61,27,-82,-47,-81
2020-03-22 00:00:00,16,-65,25,-87,-87,-94
2020-03-23 00:00:00,16,-65,28,-83,-46,-77
2020-03-24 00:00:00,16,-67,29,-82,-50,-79
2020-03-25 00:00:00,16,-67,30,-83,-52,-80
2020-03-26 00:00:00,16,-69,31,-84,-55,-82
2020-03-27 00:00:00,16,-67,31,-83,-44,-78
2020-03-28 00:00:00,16,-64,28,-84,-48,-82
2020-03-29 00:00:00,16,-64,25,-88,-85,-94
2020-03-30 00:00:00,16,-65,27,-82,-47,-78
2020-03-31 00:00:00,16,-66,28,-80,-44,-90
2020-04-01 00:00:00,16,-67,29,-81,-45,-90
2020-04-02 00:00:00,16,-66,29,-80,-41,-89
2020-04-03 00:00:00,16,-65,30,-82,-38,-82
2020-04-04 00:00:00,16,-62,27,-82,-43,-85
2020-04-05 00:00:00,16,-63,25,-88,-81,-94
2020-04-06 00:00:00,16,-63,27,-81,-43,-81
2020-04-07 00:00:00,16,-64,27,-80,-40,-79
2020-04-08 00:00:00,16,-64,27,-80,-38,-79
2020-04-09 00:00:00,16,-64,27,-80,-34,-78
2020-04-10 00:00:00,16,-64,28,-81,-28,-77
2020-04-11 00:00:00,16,-61,26,-81,-40,-82
2020-04-12 00:00:00,16,-68,26,-90,-92,-96
2020-04-13 00:00:00,16,-88,36,-93,-95,-95
2020-04-14 00:00:00,16,-63,27,-80,-44,-80
2020-04-15 00:00:00,16,-62,27,-79,-40,-78
2020-04-16 00:00:00,16,-61,27,-79,-39,-77
2020-04-17 00:00:00,16,-60,27,-80,-35,-76
2020-04-18 00:00:00,16,-57,25,-80,-43,-81
2020-04-19 00:00:00,16,-58,23,-87,-81,-93
2020-04-20 00:00:00,16,-59,26,-80,-47,-76
2020-04-21 00:00:00,16,-60,26,-78,-44,-76
2020-04-22 00:00:00,16,-60,27,-81,-49,-79
2020-04-23 00:00:00,16,-60,27,-79,-40,-76
2020-04-24 00:00:00,16,-57,25,-76,-20,-70
2020-04-25 00:00:00,16,-75,30,-89,-93,-94
2020-04-26 00:00:00,16,-56,23,-85,-87,-92
2020-04-27 00:00:00,16,-55,23,-76,-32,-69
2020-04-28 00:00:00,16,-56,22,-75,-36,-72
2020-04-29 00:00:00,16,-55,23,-75,-34,-71
2020-04-30 00:00:00,16,-54,22,-72,-21,-66
2020-05-01 00:00:00,16,-82,34,-89,-92,-91
2020-05-02 00:00:00,16,-51,22,-75,-33,-74
2020-05-03 00:00:00,16,-47,21,-80,-72,-87
2020-02-25 00:00:00,17,-19,4,-7,0,-1
2020-02-26 00:00:00,17,-3,2,-10,-2,-9
2020-02-27 00:00:00,17,-2,3,-10,2,-6
2020-02-28 00:00:00,17,-2,3,-10,-2,-8
2020-02-29 00:00:00,17,1,2,8,1,-2
2020-03-01 00:00:00,17,0,1,-1,2,1
2020-03-02 00:00:00,17,1,0,-8,3,-2
2020-03-03 00:00:00,17,0,1,-8,0,-4
2020-03-04 00:00:00,17,2,1,-3,4,-2
2020-03-05 00:00:00,17,-17,4,-16,6,-3
2020-03-06 00:00:00,17,-19,7,-24,4,-13
2020-03-07 00:00:00,17,-23,9,-37,2,-22
2020-03-08 00:00:00,17,-11,7,-26,0,-28
2020-03-09 00:00:00,17,-25,9,-29,1,-23
2020-03-10 00:00:00,17,-32,13,-41,-1,-39
2020-03-11 00:00:00,17,-36,15,-46,-17,-48
2020-03-12 00:00:00,17,-45,20,-61,-27,-65
2020-03-13 00:00:00,17,-49,22,-65,-32,-70
2020-03-14 00:00:00,17,-54,22,-71,-37,-76
2020-03-15 00:00:00,17,-53,20,-76,-61,-87
2020-03-16 00:00:00,17,-54,23,-71,-35,-70
2020-03-17 00:00:00,17,-58,24,-71,-45,-73
2020-03-18 00:00:00,17,-58,25,-72,-45,-75
2020-03-19 00:00:00,17,-60,26,-75,-48,-75
2020-03-20 00:00:00,17,-61,27,-76,-45,-76
2020-03-21 00:00:00,17,-61,25,-79,-47,-80
2020-03-22 00:00:00,17,-59,22,-83,-87,-92
2020-03-23 00:00:00,17,-65,28,-79,-46,-77
2020-03-24 00:00:00,17,-67,28,-79,-51,-79
2020-03-25 00:00:00,17,-68,29,-80,-56,-82
2020-03-26 00:00:00,17,-69,31,-82,-58,-82
2020-03-27 00:00:00,17,-66,30,-80,-45,-78
2020-03-28 00:00:00,17,-63,27,-80,-50,-82
2020-03-29 00:00:00,17,-58,22,-86,-84,-91
2020-03-30 00:00:00,17,-64,27,-77,-49,-79
2020-03-31 00:00:00,17,-66,28,-76,-46,-91
2020-04-01 00:00:00,17,-67,28,-74,-47,-91
2020-04-02 00:00:00,17,-65,28,-75,-42,-90
2020-04-03 00:00:00,17,-65,29,-76,-38,-82
2020-04-04 00:00:00,17,-62,26,-79,-45,-85
2020-04-05 00:00:00,17,-59,22,-83,-79,-93
2020-04-06 00:00:00,17,-63,26,-75,-43,-81
2020-04-07 00:00:00,17,-64,26,-74,-41,-79
2020-04-08 00:00:00,17,-63,25,-72,-37,-79
2020-04-09 00:00:00,17,-63,26,-72,-32,-78
2020-04-10 00:00:00,17,-63,27,-71,-24,-77
2020-04-11 00:00:00,17,-61,25,-75,-41,-82
2020-04-12 00:00:00,17,-62,23,-86,-90,-93
2020-04-13 00:00:00,17,-84,34,-90,-94,-94
2020-04-14 00:00:00,17,-63,26,-72,-47,-80
2020-04-15 00:00:00,17,-61,26,-71,-41,-78
2020-04-16 00:00:00,17,-60,25,-70,-40,-77
2020-04-17 00:00:00,17,-60,26,-69,-34,-76
2020-04-18 00:00:00,17,-56,23,-74,-44,-80
2020-04-19 00:00:00,17,-52,20,-82,-86,-91
2020-04-20 00:00:00,17,-59,25,-71,-46,-76
2020-04-21 00:00:00,17,-59,25,-72,-43,-75
2020-04-22 00:00:00,17,-59,26,-73,-49,-78
2020-04-23 00:00:00,17,-59,26,-72,-43,-77
2020-04-24 00:00:00,17,-57,24,-67,-19,-70
2020-04-25 00:00:00,17,-70,28,-85,-92,-92
2020-04-26 00:00:00,17,-49,19,-80,-84,-89
2020-04-27 00:00:00,17,-54,22,-67,-31,-69
2020-04-28 00:00:00,17,-55,21,-67,-38,-71
2020-04-29 00:00:00,17,-54,22,-65,-35,-71
2020-04-30 00:00:00,17,-54,21,-63,-18,-66
2020-03-05 00:00:00,19,-18,5,-19,4,-7
2020-03-06 00:00:00,19,-18,6,-24,1,-12
2020-03-07 00:00:00,19,-15,7,-27,0,-21
2020-03-08 00:00:00,19,-10,7,-34,-2,-31
2020-03-09 00:00:00,19,-25,9,-37,1,-25
2020-03-10 00:00:00,19,-32,14,-47,-2,-43
2020-03-11 00:00:00,19,-38,16,-55,-17,-51
2020-03-12 00:00:00,19,-49,21,-66,-27,-68
2020-03-13 00:00:00,19,-55,24,-73,-35,-74
2020-03-14 00:00:00,19,-55,23,-74,-41,-80
2020-03-15 00:00:00,19,-56,22,-82,-63,-90
2020-03-16 00:00:00,19,-59,25,-77,-42,-75
2020-03-17 00:00:00,19,-62,26,-78,-49,-78
2020-03-18 00:00:00,19,-63,26,-79,-49,-78
2020-03-19 00:00:00,19,-65,27,-80,-49,-78
2020-03-20 00:00:00,19,-65,28,-81,-46,-80
2020-03-21 00:00:00,19,-62,25,-82,-52,-84
2020-03-22 00:00:00,19,-70,26,-89,-94,-96
2020-03-23 00:00:00,19,-67,28,-83,-51,-80
2020-03-24 00:00:00,19,-69,29,-82,-55,-82
2020-03-25 00:00:00,19,-71,30,-85,-65,-86
2020-03-26 00:00:00,19,-70,30,-84,-52,-82
2020-03-27 00:00:00,19,-69,31,-84,-50,-82
2020-03-28 00:00:00,19,-62,25,-82,-51,-83
2020-03-29 00:00:00,19,-68,25,-89,-93,-95
2020-03-30 00:00:00,19,-67,28,-82,-49,-80
2020-03-31 00:00:00,19,-67,27,-78,-46,-91
2020-04-01 00:00:00,19,-67,27,-78,-45,-91
2020-04-02 00:00:00,19,-68,29,-80,-46,-91
2020-04-03 00:00:00,19,-67,30,-82,-43,-85
2020-04-04 00:00:00,19,-61,25,-80,-48,-87
2020-04-05 00:00:00,19,-67,25,-89,-93,-96
2020-04-06 00:00:00,19,-64,27,-80,-44,-82
2020-04-07 00:00:00,19,-65,27,-79,-44,-81
2020-04-08 00:00:00,19,-65,26,-78,-41,-81
2020-04-09 00:00:00,19,-66,27,-78,-37,-80
2020-04-10 00:00:00,19,-66,28,-79,-32,-80
2020-04-11 00:00:00,19,-60,24,-79,-41,-83
2020-04-12 00:00:00,19,-70,26,-90,-94,-97
2020-04-13 00:00:00,19,-88,36,-92,-96,-96
2020-04-14 00:00:00,19,-63,26,-78,-48,-81
2020-04-15 00:00:00,19,-63,26,-77,-43,-80
2020-04-16 00:00:00,19,-63,27,-78,-42,-79
2020-04-17 00:00:00,19,-62,27,-79,-38,-79
2020-04-18 00:00:00,19,-56,23,-77,-46,-83
2020-04-19 00:00:00,19,-63,24,-87,-93,-95
2020-04-20 00:00:00,19,-60,25,-78,-48,-78
2020-04-21 00:00:00,19,-61,26,-76,-48,-79
2020-04-22 00:00:00,19,-61,25,-76,-46,-78
2020-04-23 00:00:00,19,-61,26,-76,-41,-78
2020-04-24 00:00:00,19,-59,24,-75,-22,-72
2020-04-25 00:00:00,19,-74,28,-86,-94,-95
2020-04-26 00:00:00,19,-60,23,-86,-92,-94
2020-04-27 00:00:00,19,-57,23,-74,-34,-71
2020-04-28 00:00:00,19,-57,22,-73,-39,-74
2020-04-29 00:00:00,19,-58,24,-73,-35,-74
2020-04-30 00:00:00,19,-57,22,-70,-21,-68
2020-05-01 00:00:00,19,-84,34,-88,-93,-94
2020-05-02 00:00:00,19,-50,21,-73,-36,-77
2020-05-03 00:00:00,19,-54,22,-82,-90,-93
2020-02-25 00:00:00,22,-23,7,-12,15,1
2020-02-26 00:00:00,22,-17,6,-16,2,-2
2020-02-27 00:00:00,22,-18,6,-12,3,0
2020-02-28 00:00:00,22,-17,6,-12,0,-1
2020-02-29 00:00:00,22,-7,3,-9,0,-7
2020-03-01 00:00:00,22,-4,6,-27,-6,-21
2020-03-02 00:00:00,22,0,3,-14,-9,-15
2020-03-03 00:00:00,22,0,2,-9,-1,-9
2020-03-04 00:00:00,22,0,1,-2,1,-3
2020-03-05 00:00:00,22,-14,7,-21,1,-12
2020-03-06 00:00:00,22,-13,7,-21,-2,-11
2020-03-07 00:00:00,22,-8,4,-9,2,-9
2020-03-08 00:00:00,22,-8,3,-8,4,-14
2020-03-09 00:00:00,22,-18,9,-34,-2,-28
2020-03-10 00:00:00,22,-25,13,-41,2,-45
2020-03-11 00:00:00,22,-32,16,-47,-16,-55
2020-03-12 00:00:00,22,-41,22,-62,-24,-75
2020-03-13 00:00:00,22,-49,27,-69,-35,-81
2020-03-14 00:00:00,22,-57,26,-80,-54,-90
2020-03-15 00:00:00,22,-58,23,-80,-72,-92
2020-03-16 00:00:00,22,-58,28,-73,-44,-82
2020-03-17 00:00:00,22,-61,29,-73,-48,-84
2020-03-18 00:00:00,22,-62,30,-74,-51,-85
2020-03-19 00:00:00,22,-63,32,-77,-51,-86
2020-03-20 00:00:00,22,-63,33,-78,-49,-86
2020-03-21 00:00:00,22,-61,26,-80,-60,-90
2020-03-22 00:00:00,22,-65,25,-87,-95,-96
2020-03-23 00:00:00,22,-67,32,-79,-53,-86
2020-03-24 00:00:00,22,-68,33,-77,-55,-87
2020-03-25 00:00:00,22,-69,34,-80,-56,-88
2020-03-26 00:00:00,22,-71,36,-80,-58,-89
2020-03-27 00:00:00,22,-70,37,-81,-54,-88
2020-03-28 00:00:00,22,-63,27,-81,-61,-91
2020-03-29 00:00:00,22,-65,25,-86,-94,-96
2020-03-30 00:00:00,22,-69,33,-82,-58,-87
2020-03-31 00:00:00,22,-69,33,-79,-53,-86
2020-04-01 00:00:00,22,-68,33,-78,-54,-86
2020-04-02 00:00:00,22,-68,34,-79,-54,-86
2020-04-03 00:00:00,22,-67,35,-79,-50,-86
2020-04-04 00:00:00,22,-61,26,-81,-58,-90
2020-04-05 00:00:00,22,-64,25,-85,-93,-95
2020-04-06 00:00:00,22,-65,31,-77,-51,-84
2020-04-07 00:00:00,22,-66,31,-76,-49,-84
2020-04-08 00:00:00,22,-65,31,-76,-49,-84
2020-04-09 00:00:00,22,-66,32,-76,-45,-84
2020-04-10 00:00:00,22,-67,34,-78,-40,-84
2020-04-11 00:00:00,22,-59,25,-80,-53,-88
2020-04-12 00:00:00,22,-65,25,-87,-94,-96
2020-04-13 00:00:00,22,-89,40,-87,-95,-95
2020-04-14 00:00:00,22,-62,29,-75,-46,-82
2020-04-15 00:00:00,22,-61,29,-73,-46,-81
2020-04-16 00:00:00,22,-60,30,-74,-45,-81
2020-04-17 00:00:00,22,-60,31,-74,-44,-81
2020-04-18 00:00:00,22,-55,23,-76,-51,-86
2020-04-19 00:00:00,22,-59,22,-81,-90,-93
2020-04-20 00:00:00,22,-57,27,-74,-49,-80
2020-04-21 00:00:00,22,-57,27,-70,-46,-78
2020-04-22 00:00:00,22,-56,26,-70,-45,-78
2020-04-23 00:00:00,22,-56,27,-70,-42,-77
2020-04-24 00:00:00,22,-55,27,-71,-29,-76
2020-04-25 00:00:00,22,-65,24,-79,-90,-91
2020-04-26 00:00:00,22,-56,21,-78,-88,-90
2020-04-27 00:00:00,22,-53,24,-69,-33,-73
2020-04-28 00:00:00,22,-53,24,-69,-39,-75
2020-04-29 00:00:00,22,-53,25,-68,-39,-75
2020-04-30 00:00:00,22,-53,25,-65,-25,-72
2020-05-01 00:00:00,22,-84,37,-73,-87,-88
2020-05-02 00:00:00,22,-48,19,-62,-35,-76
2020-05-03 00:00:00,22,-49,17,-58,-81,-82
2020-02-25 00:00:00,9,-1,1,-6,12,0
2020-02-26 00:00:00,9,-2,3,-15,-5,-11
2020-02-27 00:00:00,9,-1,3,-13,-7,-10
2020-02-28 00:00:00,9,0,1,-8,-1,-2
2020-02-29 00:00:00,9,1,1,-7,-2,-5
2020-03-01 00:00:00,9,-4,6,-30,-11,-22
2020-03-02 00:00:00,9,0,3,-14,-6,-11
2020-03-03 00:00:00,9,0,2,-14,-3,-7
2020-03-04 00:00:00,9,0,1,-11,1,-4
2020-03-05 00:00:00,9,-13,7,-26,-1,-14
2020-03-06 00:00:00,9,-14,7,-26,1,-13
2020-03-07 00:00:00,9,-14,6,-23,2,-18
2020-03-08 00:00:00,9,-8,5,-21,-3,-23
2020-03-09 00:00:00,9,-19,10,-38,-1,-28
2020-03-10 00:00:00,9,-27,15,-45,-4,-42
2020-03-11 00:00:00,9,-34,18,-52,-17,-51
2020-03-12 00:00:00,9,-44,25,-64,-24,-70
2020-03-13 00:00:00,9,-50,28,-66,-28,-74
2020-03-14 00:00:00,9,-57,25,-72,-45,-84
2020-03-15 00:00:00,9,-54,23,-78,-64,-90
2020-03-16 00:00:00,9,-53,26,-69,-37,-73
2020-03-17 00:00:00,9,-57,28,-71,-42,-76
2020-03-18 00:00:00,9,-57,29,-72,-44,-77
2020-03-19 00:00:00,9,-59,31,-74,-44,-78
2020-03-20 00:00:00,9,-59,32,-74,-42,-79
2020-03-21 00:00:00,9,-61,27,-78,-53,-86
2020-03-22 00:00:00,9,-61,25,-85,-84,-94
2020-03-23 00:00:00,9,-65,32,-77,-46,-78
2020-03-24 00:00:00,9,-66,33,-77,-48,-80
2020-03-25 00:00:00,9,-68,34,-79,-52,-82
2020-03-26 00:00:00,9,-71,37,-81,-53,-84
2020-03-27 00:00:00,9,-70,37,-80,-48,-82
2020-03-28 00:00:00,9,-65,28,-79,-55,-87
2020-03-29 00:00:00,9,-62,25,-85,-84,-94
2020-03-30 00:00:00,9,-67,32,-77,-47,-79
2020-03-31 00:00:00,9,-69,34,-76,-44,-90
2020-04-01 00:00:00,9,-68,34,-74,-41,-90
2020-04-02 00:00:00,9,-68,35,-74,-41,-89
2020-04-03 00:00:00,9,-68,35,-76,-40,-84
2020-04-04 00:00:00,9,-63,28,-77,-49,-89
2020-04-05 00:00:00,9,-61,25,-84,-81,-95
2020-04-06 00:00:00,9,-65,31,-74,-39,-81
2020-04-07 00:00:00,9,-66,32,-74,-40,-81
2020-04-08 00:00:00,9,-65,32,-74,-39,-81
2020-04-09 00:00:00,9,-66,33,-73,-33,-80
2020-04-10 00:00:00,9,-66,34,-73,-29,-80
2020-04-11 00:00:00,9,-62,27,-75,-44,-85
2020-04-12 00:00:00,9,-66,26,-87,-95,-96
2020-04-13 00:00:00,9,-91,41,-89,-95,-96
2020-04-14 00:00:00,9,-64,31,-73,-39,-79
2020-04-15 00:00:00,9,-63,32,-72,-39,-79
2020-04-16 00:00:00,9,-63,32,-72,-39,-78
2020-04-17 00:00:00,9,-62,33,-72,-37,-78
2020-04-18 00:00:00,9,-57,26,-74,-50,-84
2020-04-19 00:00:00,9,-56,24,-83,-81,-93
2020-04-20 00:00:00,9,-61,30,-76,-45,-78
2020-04-21 00:00:00,9,-61,31,-74,-42,-79
2020-04-22 00:00:00,9,-60,31,-73,-41,-78
2020-04-23 00:00:00,9,-59,31,-70,-37,-77
2020-04-24 00:00:00,9,-59,30,-69,-27,-74
2020-04-25 00:00:00,9,-74,30,-81,-94,-94
2020-04-26 00:00:00,9,-48,22,-78,-61,-90
2020-04-27 00:00:00,9,-55,27,-68,-31,-70
2020-04-28 00:00:00,9,-58,28,-71,-39,-76
2020-04-29 00:00:00,9,-56,29,-69,-35,-74
2020-04-30 00:00:00,9,-55,28,-67,-25,-70
2020-05-01 00:00:00,9,-87,41,-80,-91,-91
2020-05-02 00:00:00,9,-51,23,-63,-36,-75
2020-05-03 00:00:00,9,-41,20,-65,-62,-83
2020-02-25 00:00:00,10,1,1,1,9,0
2020-02-26 00:00:00,10,0,2,-6,-1,-8
2020-02-27 00:00:00,10,0,2,-5,0,-5
2020-03-14 00:00:00,7,-51,24,-72,-43,-82
2020-03-15 00:00:00,7,-52,21,-78,-56,-88
2020-03-16 00:00:00,7,-58,26,-69,-39,-73
2020-03-17 00:00:00,7,-61,27,-71,-40,-75
2020-03-18 00:00:00,7,-63,29,-73,-44,-78
2020-03-19 00:00:00,7,-64,30,-75,-45,-78
2020-03-20 00:00:00,7,-63,31,-75,-39,-78
2020-03-21 00:00:00,7,-57,26,-78,-52,-86
2020-03-22 00:00:00,7,-60,23,-85,-78,-94
2020-03-23 00:00:00,7,-67,30,-77,-46,-78
2020-03-24 00:00:00,7,-68,31,-77,-48,-80
2020-03-25 00:00:00,7,-69,32,-79,-51,-82
2020-03-26 00:00:00,7,-70,34,-81,-54,-83
2020-03-27 00:00:00,7,-69,34,-79,-47,-81
2020-03-28 00:00:00,7,-59,26,-80,-53,-86
2020-03-29 00:00:00,7,-60,23,-85,-80,-94
2020-03-30 00:00:00,7,-67,30,-77,-48,-79
2020-03-31 00:00:00,7,-68,31,-76,-45,-89
2020-04-01 00:00:00,7,-67,31,-75,-43,-88
2020-04-02 00:00:00,7,-67,32,-76,-42,-88
2020-04-03 00:00:00,7,-66,33,-76,-39,-82
2020-04-04 00:00:00,7,-57,26,-78,-49,-87
2020-04-05 00:00:00,7,-59,23,-84,-78,-94
2020-04-06 00:00:00,7,-65,29,-74,-42,-79
2020-04-07 00:00:00,7,-65,30,-75,-40,-79
2020-04-08 00:00:00,7,-65,30,-75,-40,-80
2020-04-09 00:00:00,7,-65,31,-74,-36,-79
2020-04-10 00:00:00,7,-64,31,-73,-29,-77
2020-04-11 00:00:00,7,-55,25,-76,-43,-84
2020-04-12 00:00:00,7,-60,23,-85,-85,-94
2020-04-13 00:00:00,7,-87,38,-88,-87,-94
2020-04-14 00:00:00,7,-62,28,-73,-41,-78
2020-04-15 00:00:00,7,-62,29,-73,-40,-78
2020-04-16 00:00:00,7,-61,30,-72,-39,-77
2020-04-17 00:00:00,7,-61,30,-73,-36,-76
2020-04-18 00:00:00,7,-51,25,-76,-48,-84
2020-04-19 00:00:00,7,-55,23,-84,-77,-93
2020-04-20 00:00:00,7,-61,28,-74,-51,-78
2020-04-21 00:00:00,7,-60,28,-73,-45,-78
2020-04-22 00:00:00,7,-59,28,-71,-44,-77
2020-04-23 00:00:00,7,-59,28,-70,-41,-76
2020-04-24 00:00:00,7,-58,28,-69,-31,-73
2020-04-25 00:00:00,7,-62,27,-80,-70,-90
2020-04-26 00:00:00,7,-51,21,-79,-67,-90
2020-04-27 00:00:00,7,-55,25,-66,-36,-69
2020-04-28 00:00:00,7,-58,26,-70,-44,-75
2020-04-29 00:00:00,7,-55,25,-64,-32,-69
2020-04-30 00:00:00,7,-55,26,-66,-24,-68
2020-05-01 00:00:00,7,-84,37,-80,-87,-89
2020-05-02 00:00:00,7,-42,21,-61,-32,-73
2020-05-03 00:00:00,7,-40,18,-64,-61,-82
2020-02-25 00:00:00,3,-23,11,-37,3,-22
2020-02-26 00:00:00,3,-23,11,-40,-7,-23
2020-02-27 00:00:00,3,-23,10,-39,-7,-19
2020-02-28 00:00:00,3,-24,10,-37,-6,-16
2020-02-29 00:00:00,3,-20,8,-34,-5,-24
2020-03-01 00:00:00,3,-14,7,-40,-9,-33
2020-03-02 00:00:00,3,-20,11,-44,-18,-26
2020-03-03 00:00:00,3,-19,9,-35,-1,-13
2020-03-04 00:00:00,3,-19,8,-34,-1,-14
2020-03-05 00:00:00,3,-21,11,-42,-6,-22
2020-03-06 00:00:00,3,-22,11,-40,-2,-20
2020-03-07 00:00:00,3,-19,7,-31,-1,-25
2020-03-08 00:00:00,3,-19,8,-42,-1,-48
2020-03-09 00:00:00,3,-31,16,-57,-9,-42
2020-03-10 00:00:00,3,-38,20,-61,-8,-50
2020-03-11 00:00:00,3,-43,22,-65,-13,-57
2020-03-12 00:00:00,3,-52,28,-74,-26,-74
2020-03-13 00:00:00,3,-58,31,-76,-27,-78
2020-03-14 00:00:00,3,-63,26,-80,-46,-86
2020-03-15 00:00:00,3,-57,22,-83,-58,-91
2020-03-16 00:00:00,3,-63,30,-79,-35,-78
2020-03-17 00:00:00,3,-65,32,-80,-39,-80
2020-03-18 00:00:00,3,-66,33,-81,-42,-82
2020-03-19 00:00:00,3,-67,34,-82,-43,-82
2020-03-20 00:00:00,3,-68,36,-82,-40,-82
2020-03-21 00:00:00,3,-67,27,-83,-55,-88
2020-03-22 00:00:00,3,-65,24,-89,-80,-95
2020-03-23 00:00:00,3,-74,35,-86,-47,-84
2020-03-24 00:00:00,3,-74,36,-85,-48,-84
2020-03-25 00:00:00,3,-75,37,-86,-50,-86
2020-03-26 00:00:00,3,-77,39,-86,-51,-86
2020-03-27 00:00:00,3,-77,40,-86,-47,-86
2020-03-28 00:00:00,3,-70,28,-85,-59,-89
2020-03-29 00:00:00,3,-65,24,-89,-81,-95
2020-03-30 00:00:00,3,-75,36,-85,-48,-85
2020-03-31 00:00:00,3,-76,37,-84,-42,-92
2020-04-01 00:00:00,3,-75,37,-84,-40,-92
2020-04-02 00:00:00,3,-75,38,-84,-40,-92
2020-04-03 00:00:00,3,-74,39,-84,-39,-88
2020-04-04 00:00:00,3,-68,28,-84,-53,-91
2020-04-05 00:00:00,3,-64,24,-88,-77,-96
2020-04-06 00:00:00,3,-71,34,-83,-39,-86
2020-04-07 00:00:00,3,-72,35,-83,-39,-85
2020-04-08 00:00:00,3,-71,35,-83,-37,-85
2020-04-09 00:00:00,3,-71,35,-83,-33,-84
2020-04-10 00:00:00,3,-73,38,-82,-29,-84
2020-04-11 00:00:00,3,-67,27,-82,-47,-89
2020-04-12 00:00:00,3,-68,25,-90,-95,-97
2020-04-13 00:00:00,3,-92,43,-92,-84,-96
2020-04-14 00:00:00,3,-68,34,-82,-40,-83
2020-04-15 00:00:00,3,-67,34,-82,-38,-83
2020-04-16 00:00:00,3,-67,34,-82,-38,-82
2020-04-17 00:00:00,3,-67,36,-82,-36,-83
2020-04-18 00:00:00,3,-63,27,-81,-55,-88
2020-04-19 00:00:00,3,-60,23,-87,-79,-95
2020-04-20 00:00:00,3,-65,32,-83,-52,-82
2020-04-21 00:00:00,3,-65,33,-82,-49,-82
2020-04-22 00:00:00,3,-63,32,-80,-46,-82
2020-04-23 00:00:00,3,-64,33,-80,-45,-81
2020-04-24 00:00:00,3,-64,34,-80,-39,-81
2020-04-25 00:00:00,3,-71,28,-84,-69,-92
2020-04-26 00:00:00,3,-57,23,-85,-74,-94
2020-04-27 00:00:00,3,-61,30,-79,-42,-78
2020-04-28 00:00:00,3,-62,30,-80,-46,-80
2020-04-29 00:00:00,3,-61,31,-79,-42,-80
2020-04-30 00:00:00,3,-61,31,-79,-34,-77
2020-05-01 00:00:00,3,-89,45,-89,-83,-93
2020-05-02 00:00:00,3,-58,25,-77,-45,-83
2020-05-03 00:00:00,3,-50,22,-82,-66,-92
2020-02-25 00:00:00,11,-4,2,1,8,3
2020-02-26 00:00:00,11,-12,6,-18,2,-10
2020-02-27 00:00:00,11,-11,6,-16,0,-6
2020-02-28 00:00:00,11,-11,6,-18,-3,-7
2020-02-29 00:00:00,11,-13,5,-10,1,-8
2020-03-01 00:00:00,11,-4,5,-17,1,-16
2020-03-02 00:00:00,11,-2,3,-13,-1,-7
2020-03-03 00:00:00,11,-2,3,-13,-1,-7
2020-03-04 00:00:00,11,-12,7,-22,0,-12
2020-03-05 00:00:00,11,-13,7,-20,0,-11
2020-03-06 00:00:00,11,-14,8,-25,-2,-16
2020-03-07 00:00:00,11,-18,10,-27,3,-22
2020-03-08 00:00:00,11,-12,8,-22,4,-31
2020-03-09 00:00:00,11,-20,11,-35,-3,-27
2020-03-10 00:00:00,11,-26,15,-45,-1,-41
2020-03-11 00:00:00,11,-32,18,-48,-14,-50
2020-03-12 00:00:00,11,-40,24,-59,-20,-67
2020-03-13 00:00:00,11,-48,27,-64,-23,-72
2020-03-14 00:00:00,11,-59,28,-73,-38,-83
2020-03-15 00:00:00,11,-56,24,-78,-61,-90
2020-03-16 00:00:00,11,-54,27,-68,-35,-72
2020-03-17 00:00:00,11,-57,29,-69,-41,-75
2020-03-18 00:00:00,11,-58,30,-70,-42,-77
2020-03-19 00:00:00,11,-59,31,-72,-42,-77
2020-03-20 00:00:00,11,-61,33,-74,-37,-78
2020-03-21 00:00:00,11,-64,30,-79,-47,-86
2020-03-22 00:00:00,11,-64,27,-85,-88,-95
2020-03-23 00:00:00,11,-67,33,-77,-42,-78
2020-03-24 00:00:00,11,-69,34,-78,-49,-81
2020-03-25 00:00:00,11,-71,35,-79,-51,-83
2020-03-26 00:00:00,11,-73,38,-80,-52,-84
2020-03-27 00:00:00,11,-73,39,-80,-45,-83
2020-03-28 00:00:00,11,-67,31,-81,-51,-87
2020-03-29 00:00:00,11,-64,26,-86,-88,-95
2020-03-30 00:00:00,11,-70,33,-76,-46,-79
2020-03-31 00:00:00,11,-71,35,-76,-42,-90
2020-04-01 00:00:00,11,-70,35,-73,-39,-90
2020-04-02 00:00:00,11,-70,35,-73,-39,-90
2020-04-03 00:00:00,11,-70,37,-75,-34,-84
2020-04-04 00:00:00,11,-65,31,-79,-44,-89
2020-04-05 00:00:00,11,-64,27,-85,-86,-95
2020-04-06 00:00:00,11,-67,32,-73,-37,-81
2020-04-07 00:00:00,11,-68,33,-73,-35,-81
2020-04-08 00:00:00,11,-67,32,-72,-34,-81
2020-04-09 00:00:00,11,-68,34,-73,-29,-80
2020-04-10 00:00:00,11,-69,35,-73,-22,-80
2020-04-11 00:00:00,11,-65,30,-77,-40,-86
2020-04-12 00:00:00,11,-67,27,-87,-94,-96
2020-04-13 00:00:00,11,-91,41,-88,-94,-95
2020-04-14 00:00:00,11,-67,33,-76,-41,-82
2020-04-15 00:00:00,11,-64,32,-71,-35,-80
2020-04-16 00:00:00,11,-64,33,-70,-37,-79
2020-04-17 00:00:00,11,-63,34,-71,-33,-78
2020-04-18 00:00:00,11,-60,29,-74,-48,-85
2020-04-19 00:00:00,11,-58,26,-83,-86,-94
2020-04-20 00:00:00,11,-61,31,-73,-49,-78
2020-04-21 00:00:00,11,-62,32,-74,-48,-79
2020-04-22 00:00:00,11,-61,31,-71,-45,-78
2020-04-23 00:00:00,11,-60,31,-69,-41,-77
2020-04-24 00:00:00,11,-59,31,-66,-24,-74
2020-04-25 00:00:00,11,-77,33,-84,-95,-95
2020-04-26 00:00:00,11,-53,24,-79,-69,-92
2020-04-27 00:00:00,11,-56,27,-66,-36,-71
2020-04-28 00:00:00,11,-57,27,-68,-41,-74
2020-04-29 00:00:00,11,-56,28,-65,-36,-73
2020-04-30 00:00:00,11,-56,28,-64,-20,-68
2020-05-01 00:00:00,11,-88,43,-85,-94,-93
2020-05-02 00:00:00,11,-55,28,-72,-41,-79
2020-05-03 00:00:00,11,-49,24,-78,-75,-90
2020-02-25 00:00:00,14,-11,1,-4,2,7
2020-02-26 00:00:00,14,-5,2,-4,-3,-5
2020-02-27 00:00:00,14,0,1,-2,-1,-2
2020-02-28 00:00:00,14,0,1,-4,1,0
2020-02-29 00:00:00,14,2,1,1,4,4
2020-03-01 00:00:00,14,0,2,-2,4,4
2020-03-02 00:00:00,14,1,1,1,-1,-2
2020-03-03 00:00:00,14,1,1,-1,-1,2
2020-03-04 00:00:00,14,0,1,-4,2,1
2020-03-05 00:00:00,14,-16,5,-16,5,-3
2020-03-06 00:00:00,14,-18,7,-21,0,-10
2020-03-07 00:00:00,14,-18,9,-25,0,-22
2020-03-08 00:00:00,14,-10,8,-18,4,-24
2020-03-09 00:00:00,14,-24,9,-27,-7,-22
2020-03-10 00:00:00,14,-30,13,-37,-11,-37
2020-03-11 00:00:00,14,-35,15,-45,-19,-46
2020-03-12 00:00:00,14,-48,20,-58,-33,-66
2020-03-13 00:00:00,14,-52,23,-61,-37,-70
2020-03-14 00:00:00,14,-56,24,-65,-44,-78
2020-03-15 00:00:00,14,-53,21,-74,-61,-87
2020-03-16 00:00:00,14,-54,23,-63,-41,-69
2020-03-17 00:00:00,14,-57,23,-65,-47,-71
2020-03-18 00:00:00,14,-58,25,-66,-45,-73
2020-03-19 00:00:00,14,-60,26,-68,-50,-75
2020-03-20 00:00:00,14,-61,28,-72,-46,-76
2020-03-21 00:00:00,14,-62,27,-72,-50,-81
2020-03-22 00:00:00,14,-62,,-82,-82,-92
2020-03-23 00:00:00,14,-66,29,-75,-49,-77
2020-03-24 00:00:00,14,-71,30,-78,-60,-81
2020-03-25 00:00:00,14,-69,31,-76,-55,-80
2020-03-26 00:00:00,14,-71,32,-80,-60,-82
2020-03-27 00:00:00,14,-68,32,-77,-47,-79
2020-03-28 00:00:00,14,-64,29,-76,-52,-83
2020-03-29 00:00:00,14,-60,,-80,-82,-91
2020-03-30 00:00:00,14,-64,28,-73,-50,-77
2020-03-31 00:00:00,14,-66,28,-73,-46,-89
2020-04-01 00:00:00,14,-66,29,-71,-42,-89
2020-04-02 00:00:00,14,-66,29,-71,-41,-89
2020-04-03 00:00:00,14,-65,29,-73,-34,-81
2020-04-04 00:00:00,14,-62,28,-74,-42,-86
2020-04-05 00:00:00,14,-59,,-81,-81,-94
2020-04-06 00:00:00,14,-62,27,-70,-40,-80
2020-04-07 00:00:00,14,-63,26,-70,-39,-78
2020-04-08 00:00:00,14,-63,26,-67,-32,-77
2020-04-09 00:00:00,14,-64,27,-68,-32,-78
2020-04-10 00:00:00,14,-65,28,-67,-24,-77
2020-04-11 00:00:00,14,-62,27,-71,-39,-83
2020-04-12 00:00:00,14,-62,,-82,-90,-94
2020-04-13 00:00:00,14,-86,35,-86,-93,-95
2020-04-14 00:00:00,14,-64,27,-73,-49,-81
2020-04-15 00:00:00,14,-61,27,-70,-37,-78
2020-04-16 00:00:00,14,-61,27,-68,-42,-76
2020-04-17 00:00:00,14,-60,27,-67,-37,-75
2020-04-18 00:00:00,14,-57,25,-68,-49,-80
2020-04-19 00:00:00,14,-53,,-76,-78,-92
2020-04-20 00:00:00,14,-59,27,-70,-51,-75
2020-04-21 00:00:00,14,-59,26,-69,-49,-74
2020-04-22 00:00:00,14,-60,27,-71,-49,-76
2020-04-23 00:00:00,14,-62,27,-70,-48,-76
2020-04-24 00:00:00,14,-58,25,-63,-27,-70
2020-04-25 00:00:00,14,-72,29,-80,-91,-93
2020-04-26 00:00:00,14,-49,20,-73,,-90
2020-04-27 00:00:00,14,-54,23,-60,-38,-67
2020-04-28 00:00:00,14,-55,21,-63,-42,-69
2020-04-29 00:00:00,14,-55,24,-62,-38,-70
2020-04-30 00:00:00,14,-54,22,-58,-27,-65
2020-05-01 00:00:00,14,-82,34,-81,-93,-93
2020-05-02 00:00:00,14,-52,23,-65,-38,-74
2020-05-03 00:00:00,14,-45,20,-73,-68,-89
2020-02-25 00:00:00,1,-21,7,-26,3,-10
2020-02-26 00:00:00,1,-19,8,-29,-7,-14
2020-02-27 00:00:00,1,-18,7,-26,-4,-9
2020-02-28 00:00:00,1,-17,7,-22,-3,-8
2020-02-29 00:00:00,1,-7,5,-18,-1,-12
2020-03-01 00:00:00,1,-3,3,-14,-2,-11
2020-03-02 00:00:00,1,-15,7,-29,-10,-15
2020-03-03 00:00:00,1,-14,5,-20,1,-2
2020-03-04 00:00:00,1,-13,5,-21,1,-4
2020-03-05 00:00:00,1,-15,7,-27,-3,-14
2020-03-06 00:00:00,1,-15,8,-25,0,-13
2020-03-07 00:00:00,1,-8,5,-17,2,-15
2020-03-08 00:00:00,1,-8,6,-25,5,-34
2020-03-09 00:00:00,1,-24,12,-42,-2,-31
2020-03-10 00:00:00,1,-30,16,-51,-7,-43
2020-03-11 00:00:00,1,-35,19,-56,-14,-50
2020-03-12 00:00:00,1,-44,24,-66,-23,-69
2020-03-13 00:00:00,1,-50,28,-69,-26,-73
2020-03-14 00:00:00,1,-55,26,-75,-44,-84
2020-03-15 00:00:00,1,-52,22,-80,-61,-90
2020-03-16 00:00:00,1,-56,27,-73,-35,-73
2020-03-17 00:00:00,1,-59,29,-73,-38,-75
2020-03-18 00:00:00,1,-60,30,-75,-42,-77
2020-03-19 00:00:00,1,-61,31,-76,-41,-77
2020-03-20 00:00:00,1,-62,33,-76,-37,-79
2020-03-21 00:00:00,1,-59,26,-79,-51,-86
2020-03-22 00:00:00,1,-59,24,-86,-82,-94
2020-03-23 00:00:00,1,-69,33,-81,-45,-80
2020-03-24 00:00:00,1,-70,34,-80,-46,-81
2020-03-25 00:00:00,1,-70,35,-81,-49,-82
2020-03-26 00:00:00,1,-73,36,-82,-49,-83
2020-03-27 00:00:00,1,-72,38,-81,-45,-83
2020-03-28 00:00:00,1,-62,27,-80,-54,-87
2020-03-29 00:00:00,1,-59,23,-85,-82,-94
2020-03-30 00:00:00,1,-71,34,-80,-47,-82
2020-03-31 00:00:00,1,-71,34,-79,-42,-90
2020-04-01 00:00:00,1,-70,34,-78,-40,-90
2020-04-02 00:00:00,1,-70,35,-78,-39,-89
2020-04-03 00:00:00,1,-70,37,-78,-36,-85
2020-04-04 00:00:00,1,-61,27,-78,-49,-89
2020-04-05 00:00:00,1,-59,23,-85,-80,-95
2020-04-06 00:00:00,1,-67,32,-77,-38,-82
2020-04-07 00:00:00,1,-68,33,-77,-36,-81
2020-04-08 00:00:00,1,-67,33,-77,-36,-81
2020-04-09 00:00:00,1,-67,33,-77,-31,-80
2020-04-10 00:00:00,1,-68,35,-76,-25,-80
2020-04-11 00:00:00,1,-59,26,-76,-42,-85
2020-04-12 00:00:00,1,-61,24,-86,-90,-96
2020-04-13 00:00:00,1,-91,41,-90,-95,-96
2020-04-14 00:00:00,1,-65,31,-76,-37,-80
2020-04-15 00:00:00,1,-64,32,-76,-37,-80
2020-04-16 00:00:00,1,-64,32,-75,-35,-79
2020-04-17 00:00:00,1,-64,34,-75,-33,-79
2020-04-18 00:00:00,1,-55,26,-76,-51,-85
2020-04-19 00:00:00,1,-55,23,-85,-81,-95
2020-04-20 00:00:00,1,-63,31,-80,-53,-81
2020-04-21 00:00:00,1,-63,32,-78,-48,-80
2020-04-22 00:00:00,1,-61,30,-74,-43,-78
2020-04-23 00:00:00,1,-61,31,-74,-39,-77
2020-04-24 00:00:00,1,-60,32,-72,-29,-76
2020-04-25 00:00:00,1,-72,29,-84,-95,-95
2020-04-26 00:00:00,1,-50,22,-81,-65,-92
2020-04-27 00:00:00,1,-59,28,-74,-38,-74
2020-04-28 00:00:00,1,-60,29,-76,-44,-78
2020-04-29 00:00:00,1,-58,28,-71,-36,-75
2020-04-30 00:00:00,1,-58,28,-71,-26,-72
2020-05-01 00:00:00,1,-88,44,-88,-94,-95
2020-05-02 00:00:00,1,-50,24,-71,-40,-80
2020-05-03 00:00:00,1,-44,21,-77,-69,-91
2020-02-25 00:00:00,20,-17,2,1,-1,4
2020-02-26 00:00:00,20,-4,2,-5,-2,-7
2020-02-27 00:00:00,20,0,2,-4,0,-3
2020-02-28 00:00:00,20,0,1,-4,1,-3
2020-02-29 00:00:00,20,0,0,4,1,-2
2020-03-01 00:00:00,20,-1,1,0,1,-3
2020-03-02 00:00:00,20,-1,2,-8,0,-8
2020-03-03 00:00:00,20,0,2,-9,2,-4
2020-03-04 00:00:00,20,1,1,-3,4,-1
2020-03-05 00:00:00,20,-15,5,-15,5,-4
2020-03-06 00:00:00,20,-16,6,-20,2,-11
2020-03-07 00:00:00,20,-19,6,-23,3,-18
2020-03-08 00:00:00,20,-6,4,-16,6,-19
2020-03-09 00:00:00,20,-24,10,-35,4,-27
2020-03-10 00:00:00,20,-30,13,-41,3,-41
2020-03-11 00:00:00,20,-37,16,-50,-19,-53
2020-03-12 00:00:00,20,-46,21,-60,-27,-69
2020-03-13 00:00:00,20,-51,23,-64,-31,-73
2020-03-14 00:00:00,20,-54,23,-69,-40,-81
2020-03-15 00:00:00,20,-48,20,-75,-60,-88
2020-03-16 00:00:00,20,-54,23,-70,-39,-74
2020-03-17 00:00:00,20,-57,24,-72,-42,-76
2020-03-18 00:00:00,20,-57,24,-72,-45,-77
2020-03-19 00:00:00,20,-58,26,-72,-46,-77
2020-03-20 00:00:00,20,-59,26,-72,-42,-78
2020-03-21 00:00:00,20,-59,25,-76,-48,-84
2020-03-22 00:00:00,20,-54,22,-81,-82,-93
2020-03-23 00:00:00,20,-61,26,-74,-45,-77
2020-03-24 00:00:00,20,-62,26,-74,-48,-79
2020-03-25 00:00:00,20,-62,27,-74,-50,-80
2020-03-26 00:00:00,20,-63,28,-75,-50,-81
2020-03-27 00:00:00,20,-64,29,-77,-48,-81
2020-03-28 00:00:00,20,-59,25,-76,-47,-83
2020-03-29 00:00:00,20,-56,22,-81,-92,-94
2020-03-30 00:00:00,20,-61,25,-74,-45,-79
2020-03-31 00:00:00,20,-62,26,-71,-41,-88
2020-04-01 00:00:00,20,-61,26,-69,-40,-87
2020-04-02 00:00:00,20,-62,27,-71,-40,-87
2020-04-03 00:00:00,20,-61,27,-72,-36,-82
2020-04-04 00:00:00,20,-57,24,-74,-42,-86
2020-04-05 00:00:00,20,-54,22,-80,-92,-94
2020-04-06 00:00:00,20,-59,25,-71,-37,-80
2020-04-07 00:00:00,20,-60,25,-71,-35,-79
2020-04-08 00:00:00,20,-59,24,-70,-35,-79
2020-04-09 00:00:00,20,-60,26,-70,-32,-79
2020-04-10 00:00:00,20,-60,26,-69,-24,-78
2020-04-11 00:00:00,20,-56,24,-70,-34,-83
2020-04-12 00:00:00,20,-57,23,-83,-93,-95
2020-04-13 00:00:00,20,-85,34,-87,-95,-96
2020-04-14 00:00:00,20,-60,25,-72,-43,-80
2020-04-15 00:00:00,20,-58,24,-70,-39,-79
2020-04-16 00:00:00,20,-58,26,-70,-39,-78
2020-04-17 00:00:00,20,-57,26,-70,-35,-78
2020-04-18 00:00:00,20,-54,24,-73,-46,-84
2020-04-19 00:00:00,20,-52,22,-82,-93,-94
2020-04-20 00:00:00,20,-58,25,-74,-51,-80
2020-04-21 00:00:00,20,-58,25,-73,-47,-80
2020-04-22 00:00:00,20,-57,25,-71,-48,-80
2020-04-23 00:00:00,20,-56,25,-70,-43,-78
2020-04-24 00:00:00,20,-55,24,-67,-26,-75
2020-04-25 00:00:00,20,-69,27,-82,-94,-94
2020-04-26 00:00:00,20,-49,21,-80,-92,-93
2020-04-27 00:00:00,20,-54,22,-67,-33,-72
2020-04-28 00:00:00,20,-54,21,-68,-38,-75
2020-04-29 00:00:00,20,-53,22,-66,-39,-75
2020-04-30 00:00:00,20,-53,22,-65,-26,-72
2020-05-01 00:00:00,20,-80,33,-84,-93,-94
2020-05-02 00:00:00,20,-50,21,-69,-34,-79
2020-05-03 00:00:00,20,-43,20,-77,-90,-93
2020-02-25 00:00:00,19,-12,3,-9,8,-1
2020-02-26 00:00:00,19,-12,4,-17,-3,-11
2020-02-27 00:00:00,19,-8,4,-16,-1,-8
2020-02-28 00:00:00,19,-8,4,-19,-2,-8
2020-02-29 00:00:00,19,-4,2,-13,-2,-7
2020-03-01 00:00:00,19,-2,1,-11,-1,-4
2020-03-02 00:00:00,19,-5,2,-13,0,-4
2020-03-03 00:00:00,19,0,2,-12,-3,-7
2020-03-04 00:00:00,19,-2,2,-13,-1,-8
